Age,Income,Subscription,Country,Device,Churn
40.960569836134795,47468.04819946782,Standard,UK,Mobile,0
33.340828385945784,51664.34144102065,Premium,USA,Mobile,0
42.77226245720831,61804.54348332493,Premium,USA,,1
53.2763582768963,36633.004870977704,Basic,UK,Tablet,1
32.19015950331997,34053.364450258036,Standard,USA,Desktop,0
32.19035651660983,52071.307297004445,Basic,USA,Mobile,0
53.9505537860887,46123.98919689247,Basic,Canada,Mobile,1
44.20921674983491,63900.81496657287,Standard,Germany,Mobile,0
29.366307368780575,171931.19114356727,Standard,USA,Mobile,0
41.51072052303158,58330.69021449828,Basic,UK,Desktop,0
29.438987686250453,48432.779804347,Basic,Germany,,1
29.41124295715692,85333.70387852308,,Canada,Tablet,0
37.90354725879241,37433.7802760936,Basic,USA,Desktop,1
12.040637064106427,59162.14750632163,Standard,USA,Mobile,0
14.300986009843605,30954.65019390339,Standard,UK,Mobile,1
28.252549649108328,33897.98483390822,Basic,UK,Mobile,1
22.846026555986914,40889.81601851818,Basic,Germany,Desktop,1
38.77096799114329,74439.85004927039,Basic,Canada,Tablet,1
24.103711093745467,53958.416456810286,Premium,USA,Mobile,1
18.052355583976503,41142.82897183437,Standard,USA,Mobile,0
52.587785227058646,55616.5448893186,Standard,UK,Mobile,0
32.29068439416157,50527.21822136763,,USA,Mobile,0
35.81033845625509,42620.39946291321,Premium,USA,Mobile,0
17.903021765438517,29050.567163176587,Standard,Canada,Mobile,1
28.467407305697808,71578.13726768435,Standard,USA,Mobile,0
36.33107107651839,53147.27193065063,Standard,USA,Tablet,0
21.188077070932366,82606.07560202359,Standard,Canada,Desktop,1
39.508376220148065,64104.824308113195,Standard,USA,Mobile,1
27.79233572097434,58269.795871415634,Standard,USA,Mobile,0
31.49967500248068,43471.935070745494,Basic,UK,Mobile,0
27.77952065324724,33569.81654214625,Standard,Germany,Mobile,1
57.22733821410725,46734.03523267329,Basic,USA,Mobile,0
34.83803330314479,99406.83326073762,Basic,UK,Desktop,1
22.307468852529198,179258.56713288394,Basic,USA,Desktop,1
44.870538945238266,74489.78746545696,Standard,Canada,Desktop,0
20.349876200347733,46086.31600824305,Standard,Germany,Mobile,1
37.50636314005706,64167.36458586795,Basic,UK,Tablet,0
11.483958513442694,39661.56394674715,Standard,Germany,Mobile,0
19.061767413218835,45462.997426889735,Standard,USA,Mobile,0
37.36233483042948,37775.54023151836,Basic,USA,Desktop,0
,18003.004473942343,Standard,Germany,Desktop,0
37.05641937427965,49451.99975122084,Premium,USA,Tablet,0
33.612220611341115,51926.77606396629,Premium,USA,Desktop,0
31.386755652928535,65987.91498142456,Standard,UK,Tablet,0
17.257736115590873,61931.573790039314,Standard,Germany,Tablet,0
26.3618694992635,62134.29348558493,Basic,Germany,Desktop,0
29.47233474848255,35389.45665323184,Basic,USA,Desktop,0
47.68546671462699,56892.45959106038,Basic,Germany,Desktop,0
39.12341947482154,73738.90948222388,,USA,,1
13.843518135647194,55698.01776063622,Basic,USA,Desktop,1
38.88900763273754,77428.90419597496,Basic,UK,Mobile,1
30.3790126350042,80284.49166679796,Premium,USA,Desktop,0
26.876935996328495,45972.975945625316,,USA,Mobile,1
42.34011546609042,39545.90382379142,Premium,UK,Mobile,0
47.371994269951415,38578.06751871575,Basic,USA,Mobile,1
46.175361429394385,27257.962698451698,Basic,USA,Desktop,0
24.929389721328338,42223.95650876717,Basic,USA,Tablet,1
31.289451489785424,68114.98174634369,Basic,Canada,Mobile,1
38.97516117684277,16939.4363712314,Basic,Canada,Mobile,1
46.70654152546831,34438.19898929381,Standard,UK,Mobile,0
29.24990914585652,48093.028375220034,,UK,Desktop,0
32.772092280034194,36842.221990674494,Basic,Canada,Mobile,0
21.72398031192766,42090.7108363967,Standard,Germany,Mobile,0
20.64552051103195,42315.05488366545,Standard,USA,Mobile,0
44.750309868730376,46136.89669907377,Basic,USA,Mobile,0
51.274880342849876,39058.17955835392,Standard,Germany,Mobile,0
34.13587854103599,37831.80179216678,Basic,USA,Desktop,0
47.04239477470429,64014.64618881847,Basic,,Mobile,0
39.33963230057161,65744.81266790518,Premium,Canada,Desktop,0
27.258562944738507,29291.84982128886,Basic,UK,Mobile,1
39.336747266100964,8606.039010906738,,Canada,Mobile,0
53.45643879759163,65950.62274356396,Basic,Canada,Mobile,1
34.57008753068058,31567.993721717936,Standard,USA,Desktop,0
53.77572386976807,53191.1725768961,Standard,UK,Tablet,0
3.5630587509230693,26514.92190457674,Basic,Canada,Tablet,0
44.86283005250269,69466.32477889508,Basic,France,Desktop,0
36.044564818858056,88155.01842952293,Standard,USA,Mobile,1
31.41191179440959,52742.10363808005,Premium,USA,Tablet,0
36.101129318426025,48588.46027310725,Premium,USA,Desktop,0
11.149173024789285,45167.90637214904,Standard,UK,Mobile,1
,61726.98966969368,Premium,Germany,Tablet,0
39.28535085814096,58515.30126401878,Standard,USA,Mobile,1
52.73472853689819,65052.47680329297,Premium,UK,Mobile,1
28.78075738071623,40581.25216102876,Standard,USA,Mobile,0
25.29807676528175,55101.76559606967,Standard,UK,Mobile,0
28.978915476985563,41862.97899940706,Premium,Germany,Desktop,0
45.98482541242489,34134.265278949184,Basic,USA,Mobile,1
38.94501331591621,49384.768684948045,Premium,Canada,Mobile,0
28.642877554795533,36162.30904434377,Standard,,Mobile,1
41.15920919736027,67605.90496613883,Basic,Germany,Desktop,1
,37071.19432976266,Basic,Canada,Desktop,0
46.623739886394674,55453.1891103104,Basic,Canada,Mobile,0
26.57536287347177,40948.66551860416,Standard,USA,Mobile,0
31.068054240826783,54155.941256562684,Premium,Canada,Mobile,0
30.294702162414108,126420.15419450897,Basic,Germany,Tablet,0
17.437820622414577,31141.830877136937,Premium,UK,Mobile,0
38.55344332477491,57256.591114277675,Premium,USA,Mobile,0
38.13266326615867,46468.76567130167,Basic,USA,Mobile,0
35.06136147970953,54289.774110836894,Premium,USA,Desktop,0
32.18495439949824,43567.35596554344,,USA,Desktop,0
18.01555109539503,30080.95229347322,Premium,USA,Mobile,1
29.95225612681569,66247.67895584385,Premium,Canada,Mobile,0
30.887425801678766,61051.36633161632,,USA,Mobile,1
25.372672769340575,41495.58536670134,Standard,USA,Tablet,0
33.06457146000789,51046.688202481964,Basic,Canada,Tablet,0
39.84861028177446,65630.29224744406,Premium,USA,Desktop,1
57.63423081452636,43144.42496206405,Standard,USA,Desktop,0
37.09493375398207,45471.73242214172,Standard,USA,Mobile,0
38.090604688673174,53654.487500110605,Basic,USA,Desktop,0
34.106649010805995,43113.63404668121,Premium,Canada,Desktop,1
11.974745416411501,62856.379954805336,Basic,USA,Mobile,1
34.6818334946094,47466.48829538843,,UK,Tablet,0
35.72276251929232,38239.46187509039,Basic,France,Mobile,0
64.55890534982343,59129.58244810992,Basic,UK,Mobile,1
32.69166842262653,32868.0402585298,Standard,Canada,Desktop,0
38.61856810800335,80223.1784168632,Basic,Germany,Desktop,0
34.58345876353708,73737.44545370304,Standard,UK,Desktop,0
20.975863548565616,57702.43215381523,,USA,Mobile,1
48.71387377418024,56439.96532729853,Premium,USA,Tablet,0
44.02319639224129,55736.621267289476,Basic,Germany,Desktop,1
44.49238336451656,42663.578211216394,Basic,USA,Mobile,1
24.087350542463135,54459.64468521263,Premium,USA,,0
51.833531731233194,36153.01084313227,,UK,Desktop,0
18.177787246492628,57557.276276602715,Standard,Germany,Mobile,0
42.04228512560324,63017.70414546943,Standard,USA,Desktop,0
61.285467509719744,44328.70848524998,Basic,Canada,Mobile,1
23.113564098431738,41073.47308767921,Premium,USA,Mobile,1
28.204427244766737,31812.844630281354,Standard,UK,Mobile,0
36.19581638105169,71869.32850348536,Basic,USA,,1
28.958292150605608,42265.03949236683,Basic,USA,Mobile,0
16.392038827206406,47018.91445975065,Premium,Germany,Desktop,0
35.82275569767233,54502.33377493588,Basic,Canada,Mobile,0
22.25235543528674,54233.11464334902,Basic,UK,Desktop,0
40.68310916762218,61198.401435216045,Standard,Canada,Desktop,1
23.96690918919436,44310.05120242507,Basic,USA,Desktop,1
53.59921286021047,32919.9809229363,Basic,UK,Mobile,0
25.600960491965154,30295.02036541526,Premium,USA,Desktop,0
31.135261805531893,41311.1715073573,Premium,USA,,0
44.76220660843604,35722.242879880636,Premium,USA,Desktop,0
20.229628202792536,45445.749420383625,Premium,UK,Mobile,1
37.72951921524955,69613.68216139975,Standard,France,Tablet,0
50.685713051389136,44340.82691174467,Premium,,Mobile,1
15.71020118526527,44335.23707998165,Basic,Canada,Desktop,0
37.21560630238765,49754.01835616317,Standard,USA,Tablet,0
38.11859353098108,43915.625131819004,,Canada,Mobile,0
44.381874461327726,48989.13146422709,Basic,Germany,Mobile,1
20.156591469463017,58113.0383372202,Basic,USA,Mobile,0
19.154520642988686,63271.265821449706,Standard,,Desktop,1
41.263298787402775,65048.19799608536,Basic,USA,Desktop,0
38.56381607879823,80852.7833109653,Basic,,Mobile,0
38.00591420415052,58540.39169258657,Premium,Germany,Mobile,1
39.15737851396371,83517.18352023963,,Germany,Mobile,0
26.83970334105811,38352.77287910535,Standard,USA,Mobile,1
37.78704436593204,81369.27353636878,Basic,USA,Mobile,1
38.516869679584175,44294.35918670615,Basic,USA,Tablet,0
26.427782983683585,45769.71603855447,Premium,USA,Mobile,1
57.38929413373708,48201.9117886569,Standard,USA,Tablet,0
40.68599505094145,46720.68933261903,Basic,Canada,Desktop,0
20.704358033568216,51287.605950897545,Standard,Canada,Mobile,0
42.878643303605955,41299.57996267341,Basic,UK,Desktop,0
23.303819957272143,62449.432596070576,Standard,UK,Desktop,1
,41707.47448068231,Premium,USA,Mobile,0
48.903146948088846,59834.15597379337,Standard,,Mobile,0
25.151812179779476,72915.85429285647,Standard,USA,Mobile,0
46.56051355093186,44643.464452883905,Basic,Canada,Mobile,0
39.95337112323798,61915.751269687666,Premium,Canada,Mobile,0
44.86472191993388,58387.38933354777,Standard,Germany,Mobile,0
57.76151579184737,83793.30323329625,Basic,USA,Mobile,1
32.05534260796556,42427.54152732575,Standard,Canada,Mobile,0
,61926.07425208676,Basic,UK,Mobile,1
24.32582684449372,25609.833623351704,Premium,USA,Mobile,0
25.210276580414742,42562.12383894781,Standard,UK,Mobile,1
34.07477948703075,55300.89256395362,,France,,1
39.09382369779973,70897.39953634673,Basic,,Mobile,0
38.320289591960226,31610.99952523696,Premium,USA,Desktop,1
,61791.359611116655,Standard,USA,Mobile,0
35.156022702534884,49051.64815275562,Premium,USA,Tablet,0
52.442408925887804,27177.08519911531,Basic,USA,Mobile,0
31.824118001144527,52723.80268923185,Standard,USA,,0
67.64202999907542,75637.41849467318,Premium,USA,Desktop,1
42.50800817318007,33193.660101325746,Basic,,Mobile,1
,48350.93426944725,Basic,France,Tablet,1
22.14929002326665,35200.41523040651,Standard,USA,Desktop,0
40.78966898291822,42971.25602134976,Standard,USA,Mobile,1
32.31844657608979,71482.5521528695,Basic,Canada,Desktop,1
43.568005929105105,45927.13286762926,Basic,USA,Tablet,0
,71023.4860627299,Basic,UK,Mobile,0
34.12605304811753,66635.8107189738,Premium,UK,Mobile,1
24.83847538317914,44558.93129773328,Standard,Germany,Desktop,0
16.821833303769623,42461.008090906515,Premium,UK,Desktop,1
29.641820575195748,36560.01789778247,,Canada,Tablet,1
45.27678553188167,36036.78208709894,Standard,UK,Desktop,1
37.56912492956245,55298.11091761765,Basic,USA,Mobile,0
,49703.22027177551,Basic,Canada,Tablet,1
37.078171110214186,40645.9184760619,Basic,Canada,Mobile,1
39.62380855674604,26768.55616815082,,USA,Mobile,0
24.393710765586405,51592.68151733318,Standard,USA,Desktop,0
36.84470127134634,42956.71731408,Basic,USA,Desktop,0
,47070.53456626859,Basic,France,Mobile,0
21.284356426032524,54569.92743047122,Standard,USA,Desktop,0
39.2934483241794,12472.957079182052,Standard,USA,Mobile,1
41.72941431641881,27000.88094436313,Basic,USA,Mobile,0
47.996614918103326,84446.64615207782,,UK,Tablet,0
47.645624624418836,42400.84239950574,Standard,USA,Mobile,1
18.46796758451491,12238.503464037065,Basic,,Mobile,0
23.74609952101853,28250.89730725621,Premium,Germany,Mobile,1
41.18042320650392,87267.0105296215,Basic,Canada,,1
41.1654314109465,39455.0380959524,,UK,Mobile,0
41.18057223567257,67385.22867345734,,USA,Mobile,0
81.23277788785666,51816.76997505808,Premium,USA,Desktop,0
41.850686128318,42725.49443751543,Premium,UK,Mobile,0
48.62678768216719,61631.682061446394,Basic,USA,Mobile,1
46.448021161918426,14234.649869655681,,USA,Desktop,0
42.81669501566957,28383.010702150958,Standard,Canada,Mobile,1
31.21676906431585,42614.73481790659,Premium,USA,,0
44.10763064591921,29856.434025955878,,France,Mobile,0
25.72609742554914,41288.33317244043,,USA,Mobile,0
32.15817671911989,62805.69568524242,Premium,UK,Mobile,0
29.17563742605076,155946.15246011916,Basic,Canada,Mobile,0
35.98248967263587,69959.25553264385,,UK,Desktop,1
62.77590280008211,52930.62926527616,Standard,USA,Mobile,1
,64886.9124724179,,Canada,Mobile,0
43.23512228449416,49038.945498072535,Standard,Germany,Desktop,0
15.64740954572418,41145.86774960326,Basic,Canada,Desktop,1
,72208.52083312832,Basic,USA,Mobile,1
48.067407163608394,39359.745680959,Standard,Canada,Mobile,0
35.77136022914555,55157.67234686449,Premium,UK,Mobile,0
22.067062664848326,61533.4604483671,Basic,Canada,Mobile,1
26.41635548888038,62622.39056706285,Standard,France,Mobile,0
43.15517298721611,32518.359946699708,Basic,USA,Desktop,0
26.23560041939436,65779.25608742399,Premium,Canada,Tablet,0
37.5975030749837,35315.67130839095,Standard,UK,Mobile,1
35.54686207884576,62160.55483024991,Basic,UK,Mobile,1
27.180795828730197,58027.602065736486,Basic,Germany,Mobile,1
60.72732907190391,62279.45992669847,Basic,,Mobile,0
42.60702826781613,31924.94718351459,Standard,Canada,Mobile,0
10.698288960108712,58818.94614101587,Basic,USA,Tablet,1
37.23745177723313,66283.90514612258,Basic,USA,Desktop,1
27.058562422779346,52900.93674742611,,UK,,1
45.22920001755469,37720.74980593135,Premium,Germany,Tablet,1
25.48975113880759,63796.214214919855,Standard,USA,Mobile,0
33.62316270239721,51708.79442151155,,USA,Desktop,1
41.05984734776548,24883.33604258456,Basic,USA,Mobile,0
45.389062330041455,36557.1580652501,Standard,Germany,Mobile,0
,42105.58203159539,Standard,USA,Tablet,1
30.98598516990862,72587.27431459485,Standard,Canada,Mobile,0
29.300656266068525,69952.7462945932,Basic,Canada,Tablet,0
27.160049209115456,69904.52796585014,Standard,Germany,Mobile,0
56.185450883373164,53485.404165258,Standard,UK,Tablet,0
39.85978053153147,63703.921876687986,Premium,UK,Tablet,1
19.86939254797946,32888.30886971164,Basic,USA,Desktop,0
46.014343364657314,50102.04647589157,Basic,Canada,Desktop,0
60.4658743641516,56774.490524743946,Basic,UK,Mobile,0
47.38958312661376,33876.5141403632,Basic,,Tablet,0
16.767560408551837,53148.68134462805,Standard,USA,,0
29.189191125604985,75299.58778706516,Basic,USA,Desktop,0
50.20293379023947,58381.546768409404,Premium,USA,Desktop,0
26.507966412574632,63763.178099961806,Basic,USA,Desktop,1
40.32583313775474,13213.896148516062,Basic,Germany,Tablet,1
44.29560864115204,73369.53273729386,Standard,USA,Desktop,1
23.876834341063002,47208.16478371745,Basic,Canada,Tablet,0
34.2856957272584,38469.705288949364,Standard,USA,Desktop,0
-3.8952080808288727,47380.43222285105,Standard,USA,Mobile,1
22.70734830398852,27724.667625786533,Basic,Canada,Mobile,1
31.969182183282076,65719.13092628213,Basic,USA,Mobile,1
20.026601816421806,44969.06415839311,Basic,USA,Mobile,1
54.588935647179625,38920.53781960896,Basic,UK,Mobile,1
17.838303464472407,47479.17401467452,Basic,Canada,Desktop,1
29.719466159636195,66770.23481864211,Basic,USA,Mobile,1
36.5688869274331,51971.87601171831,Basic,,Mobile,0
52.29527946879338,28854.593456997995,Standard,UK,Desktop,1
17.769654185846726,56974.71244611623,Standard,UK,,0
48.957965025859515,36065.300685160626,Standard,USA,Desktop,0
35.122796732235045,17658.48452937775,Basic,USA,,1
23.22189618742459,72440.10819075767,Basic,USA,Desktop,0
40.54524169115925,56858.448122415335,Premium,USA,Mobile,1
37.38871634688164,48825.94004294878,Standard,Canada,Desktop,0
27.797397474094463,44815.85727954952,Premium,France,Desktop,0
35.83762501988023,70956.19251099974,Basic,Canada,Mobile,0
30.37623683765888,96307.32725297607,Standard,USA,Mobile,1
36.362208143014975,56731.707778497745,Standard,Canada,Desktop,0
42.94556809425256,34555.47976508186,Basic,USA,Mobile,0
54.03220179374422,47683.017216980355,Standard,UK,Desktop,0
20.146214014077813,56458.59008141074,Standard,Canada,Mobile,0
60.5964004958752,14757.075395122018,Basic,UK,Desktop,0
11.574946405729978,55017.48802667177,Basic,,Desktop,0
33.178578859573,56546.37694239618,Premium,USA,Mobile,0
42.05980647781492,69895.1329698083,,Canada,Mobile,0
38.37190241282039,68331.8495355958,Basic,France,Desktop,0
27.527605762152874,51667.58240434304,Basic,UK,Tablet,0
32.5025329957127,72719.55359870537,Basic,Canada,Tablet,1
29.083988784094007,80535.17478558134,Standard,France,Mobile,1
27.927622916669463,50419.2718286669,Basic,USA,Desktop,0
45.19522516425229,56272.80617701623,,France,Mobile,0
39.284185831580565,23490.539703341357,Basic,USA,Mobile,1
26.68508485687215,28235.40106338368,Basic,Canada,Mobile,1
45.79519850519901,37427.05528985722,Standard,Germany,Desktop,0
38.68759425051931,130037.1762967326,Premium,USA,Mobile,0
44.75434542606752,33558.15462892897,Standard,Canada,Mobile,0
42.555546103083344,49460.068820341374,Standard,USA,Desktop,1
25.05205986893513,131383.08745464217,,,Desktop,0
28.277827517636364,66063.42847009424,Basic,Germany,Mobile,1
43.967523261479144,42878.39531774438,Premium,UK,Mobile,0
42.32444318520158,15699.230776767581,Basic,Canada,Mobile,0
34.74918087243022,51886.2675880313,Premium,Germany,Mobile,1
36.407928599705386,49787.029633829916,Standard,USA,Desktop,1
50.3319787494611,37069.251778932594,Basic,Canada,Mobile,1
27.90114333397004,51424.99825245555,Premium,UK,Desktop,0
41.565168574040456,33871.03117660498,Basic,USA,Tablet,0
32.57368817079327,54947.59930435014,Basic,USA,Mobile,1
32.38782556127336,89493.86655394777,Standard,USA,,0
48.185322223846285,22915.917906398507,Basic,USA,Mobile,0
44.904996187856355,42256.3686948626,Standard,Germany,Mobile,0
44.762115632007664,39852.423178262965,Basic,Canada,Mobile,0
50.665745685851945,43501.101747686844,Basic,UK,Mobile,1
35.25204609959311,65298.86869395462,Basic,USA,Mobile,1
43.18343565553957,58142.39838978537,Basic,USA,Mobile,1
31.276798920878527,62731.49753909635,Standard,USA,Desktop,0
38.8899962298613,50457.43257130397,Premium,UK,Tablet,1
33.438283347587785,30168.510200827135,,UK,Desktop,0
36.16395157991262,33279.719581100304,Premium,France,Mobile,0
42.14188430524296,61193.89561199889,Basic,UK,Desktop,1
25.181351801198332,52562.47847619946,Standard,Canada,Desktop,0
60.10864730822552,68903.11109118257,Basic,UK,Tablet,0
22.927791422003576,54398.931548701956,Basic,France,Tablet,0
20.429736646547212,32254.775100018123,Standard,UK,Tablet,0
,42171.47278725268,Basic,USA,Mobile,0
44.499952327555235,58472.21224524395,Basic,Canada,Desktop,1
42.489437804625865,60654.98744357939,,UK,Mobile,1
42.54014611117136,62826.62948232032,Standard,UK,,0
34.853038725837024,34272.1383019221,Standard,USA,Mobile,0
24.232947542170024,31984.547508846124,Basic,Germany,Mobile,0
,47152.96220378869,Basic,,Mobile,0
26.87405946185466,71601.10274800182,Premium,USA,Desktop,1
46.70143680101302,39591.975187879725,Basic,Germany,Mobile,0
33.23531142197434,56824.578359014595,Standard,USA,Mobile,0
,56825.917084084474,Basic,USA,,0
31.14336990016408,61411.5912450592,Standard,USA,Tablet,0
39.95517745130749,74966.60380922316,Basic,USA,Mobile,0
28.235305366352303,73428.59637149159,Premium,Germany,Mobile,0
25.133355253202822,41080.91249240742,Premium,USA,Tablet,0
37.924246537902945,18531.568380369892,Premium,USA,Tablet,0
37.93959885330467,39822.05996952886,Basic,USA,Desktop,0
28.916681895546443,51135.08441070853,Premium,USA,Desktop,0
29.347540332580127,44575.320834715145,Standard,USA,Mobile,1
37.784599248291634,79518.48414392202,Basic,UK,Tablet,1
17.62298790203211,50281.70456474674,Standard,USA,Desktop,1
18.11043470748134,59805.67820384291,Basic,Germany,Desktop,0
26.378669344970767,53258.214644710155,Basic,Germany,Mobile,0
32.438634179457836,44800.50224763767,Premium,USA,Tablet,0
38.73089078717606,21127.824830560003,Basic,Germany,Desktop,0
52.70427460339462,48820.73542187772,Standard,USA,Mobile,0
45.29191547842423,98819.7093973119,Basic,USA,Desktop,1
33.080737640438876,31333.124002432494,Premium,USA,Desktop,0
34.771805505167734,22776.904334386632,,USA,Desktop,0
22.969647624346294,79045.83953853365,Premium,Canada,Desktop,0
34.77784236809132,183393.73364412005,Basic,UK,Desktop,1
31.53609633295834,52811.29820785155,Basic,USA,Tablet,0
38.872622724057074,70440.10793550586,Standard,UK,Mobile,1
,37527.470855658554,Basic,USA,Mobile,0
41.23215817089407,48401.07858628022,Basic,UK,Mobile,0
53.39286695603093,64327.311753512346,Standard,USA,Desktop,1
33.69487821851771,81655.31551730593,Standard,USA,Desktop,1
39.820540665187295,32471.835280150874,,USA,Tablet,0
43.281727900533355,69211.01687840592,Basic,USA,Desktop,1
30.185354337369965,55727.58591261476,Basic,Canada,Desktop,0
37.689109781725,52445.916011441244,Basic,Germany,,1
,49884.061666178924,,USA,Mobile,0
36.17211318258598,29230.30068958095,Premium,UK,Tablet,0
25.723882593734402,64446.33497319548,Premium,UK,Mobile,0
35.29412209110731,38265.96469510508,,Germany,Desktop,0
40.9759794949454,33804.639462464795,Standard,USA,Desktop,0
52.4137232935405,63281.88438350507,Standard,Canada,Desktop,0
46.51124991302248,61837.010377200175,Basic,France,Mobile,1
60.838189490138674,51185.00125416594,Standard,UK,Mobile,0
25.791829245343408,66193.15431217462,Standard,USA,Desktop,1
45.46784764064814,71389.04872218672,Standard,USA,Tablet,0
37.20010406886022,69623.3611673831,,USA,Mobile,0
61.27763519861207,126227.4461969109,,Canada,Tablet,1
25.300420575738183,65211.573969195684,Premium,UK,Mobile,0
24.923337893830688,53174.614662629734,Premium,USA,Desktop,0
27.807288254671732,75888.61655528561,Standard,Canada,Desktop,0
9.513251308282317,48144.0749559924,Basic,Canada,Desktop,0
28.690939739830867,44652.92543947504,Basic,Canada,,0
25.890408061355625,40793.04684735685,Standard,UK,Desktop,0
36.804725437714495,52839.31841353333,Premium,Germany,Desktop,0
39.101071709325915,57000.88201388156,Basic,USA,Mobile,0
57.514050070590635,57289.43424390907,,Germany,Mobile,0
46.405086058232605,55237.58810467785,Basic,USA,Mobile,0
28.077156132051165,60065.55519019709,Basic,USA,Desktop,0
24.219023943819707,46661.87246128403,Standard,USA,Mobile,0
40.903030058078066,36912.27026612193,Basic,USA,Mobile,0
19.157201515752295,35602.58004629528,Basic,USA,Mobile,0
56.977505190252245,64625.76642955202,Basic,USA,Mobile,0
49.15328144865545,57054.83465792435,Premium,Germany,Mobile,0
29.36989217474354,22162.43343574514,Standard,USA,Tablet,1
14.442385650909472,66451.30140199911,Standard,UK,Desktop,0
51.246468489984956,78206.52719603982,Standard,USA,Desktop,0
33.62552185696858,39261.24723862201,Basic,France,Desktop,0
49.853795743681545,55042.40069414062,,UK,Mobile,0
15.866868094467595,42898.12859551461,Basic,USA,Tablet,0
27.807499724554724,59424.6038820675,,UK,Mobile,0
35.0629243966182,32509.866663871624,Standard,Canada,Mobile,0
35.5637671251769,48928.31514351829,,UK,Desktop,0
29.599214342249077,64719.71191998172,Basic,Canada,Mobile,1
42.47419918816998,68535.6760894826,Standard,UK,Desktop,0
22.188554847408867,56397.43728379533,Basic,UK,Mobile,1
33.291446179744476,44914.32045185391,Basic,Canada,Desktop,0
36.443547580542784,26110.98373484587,Standard,USA,Mobile,1
41.173266008704985,38636.754331410775,Basic,Germany,Mobile,1
43.53937853706668,42960.898928678296,Standard,USA,Desktop,0
21.50429489794557,39533.99325047579,Basic,Canada,Mobile,0
16.59062995117253,50893.29452470423,Basic,USA,Mobile,0
50.33212186278211,44871.68395743072,Premium,Canada,Mobile,1
38.9877681437551,52581.820585031644,Standard,,Desktop,1
26.018161561321357,68039.40951571496,Standard,USA,Desktop,0
53.613823706270274,43903.066681559576,Standard,USA,Mobile,1
36.3880956115143,29256.995341186626,Premium,UK,,0
49.151566208765914,39474.38602812687,Basic,Germany,Tablet,0
35.81022177692131,58753.82704959908,Standard,Canada,Desktop,1
59.728975098583845,60169.156774290095,,USA,Desktop,1
56.06409010931846,56091.27795524351,Premium,France,Mobile,0
32.01243021825112,69511.05958832023,Standard,UK,Desktop,1
46.65885141145226,47204.55395184522,Standard,USA,Mobile,1
42.744511395021775,80782.49222013986,Premium,USA,Mobile,1
51.42357869038818,62272.8070415886,Standard,Canada,,1
23.420918473038746,12147.687946881837,Basic,USA,Desktop,1
43.232617519981275,77009.8794494535,Basic,USA,Mobile,1
47.70109384219505,38495.20084796417,Premium,Germany,Mobile,1
13.89512616292263,34488.48215814604,Basic,USA,Desktop,0
20.8008978480107,57856.566647493404,Premium,UK,Mobile,1
10.529213866878791,23927.292914951846,Basic,USA,Mobile,0
31.767117986665305,39567.9615301758,Standard,UK,Mobile,0
43.610507069551545,73356.47810936312,Basic,UK,Mobile,1
53.02828462515234,58343.26368496254,Basic,USA,Desktop,0
35.8891373650373,62183.5967140883,,Canada,Mobile,0
54.5433865468555,40146.340992537895,Premium,USA,Desktop,1
18.438782501421304,26924.45001547845,Standard,Germany,Mobile,1
14.559410727738143,60602.26143970601,Standard,Germany,Desktop,0
34.33342761324057,63953.84234362926,Standard,Canada,,1
39.60878538727169,63274.90079121665,Standard,Canada,Desktop,1
34.60766302287088,53136.03845176798,Standard,USA,Tablet,0
10.19069479952148,35493.97634791894,Basic,UK,Tablet,0
33.93055952584654,86566.54382089595,Standard,USA,Mobile,1
19.34636599394176,57196.81164476264,Premium,USA,Desktop,0
43.03607058596046,47391.70037616248,,Canada,Tablet,1
39.39917895316218,47458.26143774948,Basic,USA,Mobile,1
23.721442564071737,52243.96217110331,Premium,UK,Mobile,1
28.833596991959677,66044.12393236971,Standard,USA,Tablet,0
22.28943773733258,52844.42184958179,Standard,UK,Desktop,0
34.24785083272194,62877.697301712455,Basic,USA,Mobile,0
46.46170784601486,52270.96531839811,Standard,USA,Mobile,0
23.171287443973476,48314.69162794429,Basic,UK,Desktop,0
41.04855818621413,59618.75589992583,Basic,,Desktop,1
28.63690857953071,59049.29050510695,Premium,UK,Desktop,0
25.48552601285187,47455.48821357267,Premium,USA,Desktop,1
33.715635680545304,38761.89563428611,Standard,USA,Desktop,0
22.57709213096751,55125.93372110652,,Germany,Desktop,0
28.356208335833816,51175.23003443891,Basic,Canada,Desktop,0
20.625465288933817,125030.77292531592,Basic,USA,Desktop,1
58.57670159499667,37363.992761948044,Standard,Germany,Desktop,0
35.423162623660744,56157.13765841685,Basic,Germany,Mobile,1
26.60329390408897,58251.425855415415,Basic,,Mobile,0
37.56775892881066,44599.518280177086,Basic,France,,1
33.652063403710045,41300.94446130611,Basic,Germany,Mobile,0
32.34836480560132,37546.17216444214,Premium,USA,Mobile,1
,55733.82408717378,Basic,USA,Mobile,1
44.090092520567666,37940.34389538895,Standard,Canada,Tablet,1
28.63398622867367,83617.01853531096,Basic,Canada,Mobile,0
28.090181112263842,43845.778460435045,Standard,Canada,Mobile,1
31.69937963418027,13621.785831910987,Basic,USA,Mobile,1
,49547.42500056298,Premium,Canada,Desktop,0
16.81770725361737,48904.49780271796,Standard,Canada,Mobile,0
51.4024912093343,66675.77851286283,Basic,USA,Mobile,0
54.7396125620154,54321.89355091556,Standard,USA,Mobile,0
32.01156752532346,37492.47224840296,Basic,Canada,Tablet,1
41.918683556669194,45704.12189754835,Standard,UK,Mobile,0
38.73500185452243,54911.29657476482,Basic,USA,Mobile,1
,17529.28624534384,,Canada,Desktop,1
48.434898937214925,70079.32601585676,Basic,UK,,1
33.4649889022308,37532.45171293003,Standard,Canada,Desktop,0
23.53351471279489,71255.65731421426,Basic,USA,,0
15.72264415690913,55886.97711689883,Basic,Canada,Tablet,0
37.44156363040668,59443.912045909616,Standard,USA,Mobile,1
25.92379105658836,67241.35154001908,,France,Desktop,0
17.93295548482791,58596.980790387475,Basic,USA,Mobile,1
27.24112538908968,60093.29324476177,Basic,UK,Desktop,0
22.02142395662726,47533.75339307928,Basic,USA,Mobile,1
55.24569962087078,55582.53022208143,Basic,Canada,Mobile,1
45.579677083393406,41187.53277542385,Basic,Canada,Tablet,0
34.90432830420059,44848.83350618049,Standard,USA,Mobile,0
,79470.42571953362,Basic,Canada,Tablet,0
35.92841969177142,37877.09622424367,Basic,USA,Mobile,1
24.664589584060835,52314.75689954421,Premium,USA,Mobile,1
53.277488927235886,51702.035550732144,Basic,UK,Tablet,0
41.46692052421591,45338.68292328801,Basic,USA,Desktop,0
22.553046148082522,57716.014048556564,Basic,Germany,Desktop,1
32.7159358629967,58845.831391120744,Standard,UK,Mobile,1
24.492580959382913,36112.71225278631,Basic,Canada,Desktop,1
18.40640322842797,51520.35067319827,Standard,USA,Desktop,0
46.1141305703797,33764.48991841465,Basic,Canada,Desktop,1
57.912999685641566,61828.22927475952,Standard,UK,Mobile,0
18.217189114170306,52647.30965543938,Basic,USA,,1
41.75563084028685,51234.94830075631,Standard,Germany,Desktop,1
27.192289170538075,59885.470233086045,Premium,USA,Tablet,1
,45867.34564297399,Standard,Germany,Desktop,1
27.89127290913357,63710.329388273065,Basic,USA,Desktop,0
24.632110763842206,35773.32690865796,Basic,Germany,Mobile,1
35.582259535337926,71178.14778341791,Basic,Canada,Mobile,1
25.028598603067547,41736.33226167719,Basic,USA,Tablet,0
38.24548190935806,24557.313984566186,Basic,USA,Mobile,0
34.39714268661036,45071.97637305902,Premium,Canada,Mobile,1
32.13262343760309,43370.47704118687,Basic,,Mobile,0
24.109236055500826,44958.89020774946,Standard,USA,Mobile,0
28.07874403318001,53474.720232259744,Standard,USA,Tablet,0
44.06469470990908,66467.63541332408,Standard,Canada,Tablet,0
41.01100625149257,47124.41129154295,Basic,Canada,Mobile,0
23.269337062417385,39625.73645271649,Premium,Canada,Mobile,1
36.19198766515071,33101.79781574305,Basic,UK,Desktop,1
44.01664548046147,42977.25813036434,Premium,USA,Desktop,0
14.967136626543539,21682.62741124471,Premium,France,,1
41.52032230855922,39123.00359725458,Premium,Canada,Desktop,1
27.04851489264984,68660.80843793279,Standard,USA,Mobile,0
41.84718402311791,37649.611931323656,Basic,UK,Desktop,1
25.8408901214898,59430.73791200457,Basic,UK,,1
13.341414792025773,31602.76865287265,Standard,USA,Desktop,0
15.469490745402048,76566.4384896583,Basic,UK,Desktop,1
35.577019359936585,77564.10099597066,Premium,USA,Mobile,1
38.11667002065778,58865.323348398146,Basic,Canada,Desktop,1
24.148200498747098,79868.78902465283,Basic,Germany,Desktop,1
42.663109505328485,55336.89462391493,Basic,USA,Mobile,1
15.061759252772482,61527.75671224334,Basic,USA,Mobile,0
34.2070424162322,68929.00815097302,Standard,Germany,Mobile,1
20.467805602850518,52695.77679647674,Premium,,Mobile,0
27.17796670637409,26714.338076224078,Standard,Canada,Mobile,0
35.56878405579697,61834.450328515966,Premium,Canada,Mobile,0
24.67503961659257,42922.106083498045,Premium,Canada,Desktop,0
30.385333469242095,44037.0526856681,Premium,France,Mobile,0
47.07551371057329,54468.42374718035,Basic,Germany,Mobile,1
28.077297565722215,58494.21319576056,Premium,USA,Tablet,1
45.0283053447817,52252.01951009327,Basic,Canada,Desktop,0
,178607.8291270789,Basic,Canada,Desktop,0
41.357650134983395,118191.42896729117,Standard,UK,Mobile,0
52.298823447894804,49359.44307915075,Basic,UK,Desktop,0
5.340265998472528,62736.28175676306,Basic,UK,Mobile,0
25.43725693435428,76591.86764655073,Basic,,Tablet,1
41.92486552616648,81896.53383459813,Basic,USA,Mobile,0
,56494.65024091597,,USA,Desktop,0
39.4537504804557,62600.14740118411,Basic,Canada,Mobile,1
27.752177759410152,79723.68747222787,Basic,USA,Desktop,1
36.0390774496748,39937.45944899758,Standard,USA,Desktop,1
33.13187317529505,59445.49779068875,Basic,USA,Mobile,1
49.01338473991769,61525.14424229219,,UK,Mobile,0
38.053050119614554,215153.7646234535,Basic,Germany,Desktop,1
39.051231944902426,32942.87929195666,Standard,Canada,,0
30.05747640653039,35908.91324299225,Standard,Canada,Tablet,0
29.14872531113008,50320.733166570586,,USA,Mobile,1
29.80930174616455,55665.914934824534,Standard,UK,Mobile,0
39.73342570853956,66842.95930600712,Premium,UK,Tablet,0
29.948186230156843,57763.15663718407,Basic,Canada,Desktop,1
38.477298282756955,47728.80154834574,Basic,USA,Desktop,0
59.90480958374526,56246.92167134211,Basic,USA,Tablet,1
45.453496441180306,54515.66714411677,Premium,USA,Tablet,0
31.087717613985905,76175.24644981683,Basic,Canada,Desktop,0
49.41456706596734,52484.884153527986,Basic,Germany,Mobile,0
30.103095523741384,44253.748796711545,Basic,Germany,Mobile,0
10.542505577865754,56744.13545107745,Basic,Canada,Desktop,0
,52977.279790077984,Basic,UK,Mobile,1
,26435.09966487992,,France,Mobile,0
30.781838191504296,49765.21907566747,Standard,USA,Mobile,0
35.22102055027462,48488.92631890992,Standard,USA,Mobile,1
,41841.92201331026,Premium,France,Desktop,0
38.923128485169954,65533.74931434458,Basic,USA,Desktop,1
32.37079365429363,38214.80605082006,Basic,France,Mobile,1
44.95286697420187,56834.27929286808,Basic,,Mobile,1
8.466376291905377,47782.14500234404,Basic,UK,Tablet,1
37.827374697302794,51615.42508470174,Standard,Germany,Mobile,0
44.2503823266436,56176.79436568801,Basic,UK,Desktop,0
17.256965050641902,30386.38424163498,Basic,UK,Tablet,1
48.72504851848315,52874.913376021745,Standard,USA,Mobile,0
39.06195688993297,84334.21234569809,,USA,Desktop,0
30.016545033190383,26648.549811819135,Premium,USA,Tablet,1
42.59338239327542,49135.88054426743,Premium,UK,Mobile,0
62.248314293652754,66848.5898723573,Premium,USA,Desktop,1
37.18239506070194,54524.28871930396,Basic,USA,Mobile,1
37.978647035604034,60319.5042817405,Premium,USA,Mobile,1
,14365.009833610762,Basic,UK,Tablet,1
24.801867566422498,58973.74061944926,Standard,,Tablet,1
44.964029798530945,38574.676906496024,Standard,,Desktop,1
24.726994089093594,54648.1592687472,Basic,Canada,Mobile,1
35.85879484663271,49558.47903635763,Premium,Germany,Mobile,0
29.268110638818598,84174.9954374245,,UK,Desktop,1
40.7477579089567,58200.42985648813,Basic,Canada,Mobile,1
39.00394526344338,48310.64256105821,Premium,Canada,Desktop,0
47.45047933109479,27354.608611196683,Basic,USA,Desktop,0
28.879803213743035,51817.203527748454,Standard,France,Desktop,0
31.761500776479544,62348.43317520234,Standard,USA,Desktop,0
23.254835410612312,48791.72162271165,Standard,Canada,Mobile,1
29.668480879086662,42415.15460093838,,UK,Mobile,1
,41411.20004230522,Premium,USA,Mobile,0
44.083863399744224,58027.12153182981,Premium,USA,Desktop,0
23.934016109868494,61390.819089637356,Basic,UK,Desktop,0
45.435271041267924,70418.15172981677,,USA,Desktop,1
51.26765430565941,35075.00160184463,Basic,UK,Desktop,0
39.96121883868441,57889.66337626425,Premium,Canada,,0
57.52154975069679,48174.44068373199,Basic,UK,Mobile,0
25.714529610757126,48616.486930500796,Basic,UK,Mobile,0
20.064143560262995,56027.38781051003,Standard,Canada,Mobile,0
13.655357013148656,56114.843804374206,Basic,Canada,Desktop,0
52.952531737870196,57931.521586873605,Basic,UK,Mobile,1
42.85238787624869,34137.932117062854,Basic,UK,Tablet,0
34.33298394907454,38752.82889250312,Basic,UK,Desktop,0
,72288.02413276526,Basic,Germany,Tablet,1
21.494131432419483,46691.4129877874,Basic,USA,Tablet,1
64.34902375540192,54590.215970268444,Standard,Canada,Mobile,1
36.55065418370273,65819.99468064778,Basic,France,Mobile,1
36.31273753525871,56951.646085412285,Standard,USA,Desktop,0
43.7091994867843,58197.83946458059,Basic,USA,Mobile,0
40.772110780840556,63418.66518865635,,Canada,Mobile,0
37.68660829134958,18250.043586544998,Premium,USA,Desktop,1
25.514306534656257,42650.74767259198,Basic,USA,Mobile,1
40.65762028563195,57029.08694749387,Premium,,Desktop,0
57.5842939577004,70814.66460586486,Premium,Canada,Desktop,0
51.14504055385973,50991.4333948366,,USA,Mobile,0
54.11823951967276,37329.25307365857,Standard,,Mobile,1
28.86541188282578,37728.70925584246,Basic,,Mobile,1
,63257.918051796114,Standard,Canada,Desktop,0
33.49055695880422,46733.3962641217,Standard,USA,Mobile,0
35.668698947464335,49891.99931314495,Standard,Germany,Tablet,0
48.13029822165139,59225.45290658479,Basic,UK,Mobile,1
14.690424443422167,6477.144759596311,Premium,UK,Mobile,0
53.354603833527364,80005.51267262122,,Germany,Mobile,1
33.10390521705213,39033.892474234075,Basic,UK,Mobile,1
29.87742716063096,53629.04554210357,Basic,USA,Mobile,1
22.85474749687799,24429.544797555933,Basic,UK,Desktop,1
15.141719937610766,43661.88334392443,Premium,USA,Desktop,0
44.878047007542975,68670.32069547645,Standard,UK,Mobile,0
35.87981560626085,21257.49230501182,Standard,UK,Mobile,0
19.520469203107353,66893.00130783711,Standard,USA,Desktop,0
19.459054735236606,45894.55855651424,Standard,Canada,Desktop,1
30.97058360851846,57307.46660330288,Basic,USA,Mobile,1
55.02825830347271,59862.86620227666,Standard,USA,Tablet,1
31.884903783636744,56621.322492363885,Premium,UK,Mobile,0
16.962284562582724,37025.7402255376,,USA,Desktop,0
32.05108323096867,44531.76280197465,,UK,Mobile,0
31.727317163027955,28076.657341237766,,USA,Mobile,0
2.6373602847011384,57376.9449738212,Standard,UK,Tablet,1
34.348461601786255,75530.82731023888,Standard,Germany,Mobile,1
32.22878563749586,22633.38669985306,Premium,UK,Desktop,0
43.35447637776102,38575.31140792947,,Canada,Mobile,1
57.18747313934414,47273.370861756004,Basic,,Desktop,0
48.51878035457309,52600.12135570331,Basic,USA,Tablet,0
31.773335713342032,63187.6445215164,Basic,USA,Mobile,1
21.721689095099954,47717.000294635,Standard,Canada,Tablet,1
65.88031763899832,45260.61910331524,Basic,USA,Desktop,0
,66546.96059104611,Basic,,Desktop,1
35.167151502955356,59929.93350594958,Basic,USA,Desktop,0
34.71049895467996,58084.66963551648,Basic,UK,Tablet,0
37.37701712921426,51687.73567382171,Premium,UK,Mobile,0
33.267675056912694,64747.28316379788,Basic,USA,Mobile,1
28.116055917437166,40155.359131546,Standard,UK,Tablet,0
28.437692705115296,38109.58576720883,Standard,USA,Desktop,0
34.60696075740802,61191.51480303986,Premium,Canada,Mobile,0
28.47890274639482,25624.460461296374,Basic,USA,Desktop,1
26.44585060787403,51382.69264454731,,France,Desktop,0
36.27716273230276,45251.62471606232,Standard,,Mobile,0
31.940273390949738,28913.67904020566,,USA,Mobile,0
53.04791586299226,36030.98630425603,,USA,Desktop,0
3.188362299283856,48365.35861556976,Basic,UK,Mobile,1
48.09808222306954,196528.346542456,Basic,USA,Desktop,0
,40205.630131132835,Basic,Germany,Tablet,1
10.119317211102206,68200.72099857489,Standard,Canada,Mobile,0
30.887748871035814,50947.68841334774,Basic,USA,Mobile,1
30.5427096080505,69655.77053254956,Basic,Germany,Mobile,1
18.109859663386146,40932.62586829928,Standard,Canada,Mobile,0
25.6661997489095,49267.85617841947,Basic,France,Desktop,0
21.673089854410055,55527.25405005494,Basic,France,Mobile,1
56.02724532108347,47307.343058877326,Standard,USA,Desktop,1
46.228140717769534,64295.362207178536,Basic,USA,Mobile,0
50.258661139929906,16886.54412064601,Basic,,Mobile,1
43.66006476851882,86336.0830818491,Standard,France,Mobile,0
21.45137874539325,62866.619104927435,Standard,USA,Mobile,0
28.705756804642718,47397.022564474755,Premium,Germany,Mobile,0
40.872494734735014,41715.174896339835,Standard,Canada,Mobile,0
20.334466293296657,37003.69082827168,Standard,USA,Tablet,1
43.555981162068655,59684.23211254606,Standard,Germany,Desktop,0
32.11609522210238,64924.725031885304,Premium,USA,Mobile,0
30.50215030940483,47562.108078051504,Premium,France,Mobile,0
43.5315196184419,66604.85619467754,Premium,USA,Mobile,0
40.33115973783248,36391.09929858316,Standard,UK,Mobile,0
30.66840601017104,33742.83725019746,Basic,USA,Mobile,0
48.91195764037098,231600.35423604972,Basic,Canada,Mobile,1
22.027240068801234,58866.62920307814,Basic,UK,Mobile,0
42.39122728333116,70952.72302719991,,USA,Mobile,0
42.11721509562061,37190.90437418461,Standard,Canada,Mobile,0
31.285442728232116,36147.11912346905,Premium,Canada,Mobile,0
38.913596266905415,44620.860208136866,Basic,USA,Desktop,1
19.986637083376365,37639.11737691482,Premium,Germany,Mobile,0
46.08832423048281,60580.47815342677,Basic,USA,Mobile,1
32.78117436268413,38733.10914610332,Basic,Canada,Desktop,0
28.727323753771525,32424.952128990644,Basic,Canada,Tablet,0
47.58811071004267,52130.23118382849,Standard,Canada,Tablet,0
26.54787571348689,30650.2073626218,Standard,USA,Desktop,0
18.098464443637283,23008.04102786916,Premium,Canada,Mobile,0
,155996.5755237575,Basic,Canada,Desktop,1
42.272119416147675,23761.69935484685,Standard,UK,Desktop,0
19.6348477700446,61629.19094443134,Standard,Germany,Mobile,0
56.057530183812375,29069.99410620806,Basic,Canada,Desktop,1
10.016847105395335,16389.89320370378,Premium,USA,Tablet,0
,45593.05024788809,Premium,USA,Mobile,1
37.53220960643142,52168.917549447266,Premium,USA,Mobile,0
33.83944265755529,57372.12595522911,Premium,USA,Mobile,1
28.460970958292602,52580.235485237805,Premium,USA,Mobile,0
39.78963337222485,34110.31068323387,Basic,USA,Mobile,0
34.54838357090182,60695.91771389906,Premium,USA,Desktop,1
48.23962258419826,64402.07759719619,Basic,USA,Desktop,1
36.37073178394448,31913.56807316692,Basic,USA,Mobile,0
36.80362113754253,47284.90792010579,Basic,USA,Tablet,1
30.63665345343373,45883.39959336471,Premium,USA,Mobile,0
34.316652515347194,53305.723741820504,Premium,Canada,Mobile,0
38.69362122670471,46926.14312338836,Basic,Canada,Desktop,1
14.477979288120494,48981.83341890535,Premium,USA,Desktop,0
18.821774934731444,59627.23295362537,,Canada,Desktop,1
43.91916912827258,33292.203505983,Basic,USA,Tablet,1
37.050385257535304,61060.597028912365,Basic,USA,Desktop,0
32.79219996376785,67116.99097296876,Premium,USA,Tablet,0
35.22120719678472,74512.02490233303,Basic,Canada,Mobile,1
39.170980464340055,17849.49013793961,Standard,UK,Desktop,0
28.52288383628766,47256.47514327173,Basic,USA,,1
25.660343295172247,20523.49138469616,Standard,USA,Desktop,0
37.350143061172176,13474.044653407647,Premium,Germany,Mobile,0
23.259526668619614,52161.39571411218,Standard,USA,Desktop,1
39.89903306857366,44012.72310724457,Premium,USA,Desktop,1
14.568996749145917,54497.764276561196,Premium,Germany,Mobile,0
47.34986764790772,57291.91535130973,Premium,Germany,,0
,68718.4393716188,Standard,Canada,Mobile,0
38.07235681176651,50808.8063795867,Basic,Canada,Mobile,1
46.79229180734617,281551.002779359,Standard,USA,Tablet,0
54.98569333355092,54596.14782477819,Basic,USA,Mobile,1
47.17244078021756,77637.18566850817,Premium,Canada,Mobile,0
12.909509224020255,15007.432992136273,Basic,USA,Desktop,0
19.645076399171582,70246.09294325937,Standard,Canada,Desktop,0
27.502177067651854,47288.5926530666,Basic,France,Mobile,1
35.313092602530006,20774.79110859093,Premium,,,1
41.21190824562947,56308.1766384218,Premium,USA,Desktop,1
26.291074242158412,45455.66693023524,Basic,UK,Desktop,1
37.24120117372494,58700.79872672213,Premium,Canada,Desktop,1
25.93540481176013,65166.14686326617,Basic,Germany,Desktop,1
27.66178636409662,27662.748248576063,Standard,USA,Mobile,0
18.120066837821334,65223.784736827365,Premium,USA,Mobile,0
23.921201046669147,50097.192263310746,Basic,USA,Desktop,0
18.779784732603996,70292.61762039909,,USA,Tablet,1
23.289520964272008,46922.77656503198,Basic,USA,Mobile,0
47.64370155929407,42943.86661202868,Basic,UK,Desktop,1
23.607213334016684,50405.81061033427,,UK,Tablet,0
,51527.910595697795,Basic,USA,Mobile,1
40.91981481057067,40058.227977623974,,Canada,Mobile,0
37.218033484338484,42555.42903567074,,USA,Mobile,1
24.699706637825436,31596.86698229316,Basic,Germany,Desktop,0
43.4037185529079,43480.32365314708,Standard,France,Mobile,1
28.092346085146712,60144.650899963686,Basic,,Mobile,1
36.464117775744334,47939.68739140784,Standard,Germany,Desktop,0
65.72101445922553,65135.979440709925,Basic,USA,Desktop,1
33.8472812033042,47218.55798520389,Basic,USA,Mobile,0
48.791279915428106,28527.23003415029,Basic,Canada,Mobile,0
26.56188289848935,58959.12331334874,Standard,France,Desktop,0
34.58013811403646,39895.652884498966,,USA,Tablet,1
56.24960762762612,46499.49066854698,Premium,USA,Tablet,0
27.47639530654679,68563.58071226176,Premium,Germany,Desktop,0
56.74938269596315,32586.94310417729,Standard,USA,Mobile,0
43.493023225465706,52471.156811965775,Premium,Canada,Mobile,0
28.25039868926879,49392.22474946312,Basic,UK,Mobile,1
42.58889286866625,60513.88573155655,Premium,USA,Mobile,0
46.67065339552076,62827.30048223034,,USA,Desktop,1
42.46171954660636,53957.585063733386,Basic,UK,Mobile,0
16.157303361314522,44594.380301294004,Standard,UK,Mobile,0
26.274353890101576,57100.5875603894,Premium,,,1
32.02977637338194,70034.83845716843,,USA,Mobile,1
34.10679885079944,49590.65090540449,Premium,USA,Mobile,0
42.44806517060813,45991.1582836546,Basic,UK,Mobile,0
37.132412011199044,55822.55386501985,Basic,Canada,Desktop,1
18.975867695478783,50580.90530554418,Basic,USA,Desktop,0
39.56237421207156,29934.35864123301,Premium,UK,Mobile,0
42.32702894340588,53589.96200596222,Basic,USA,Desktop,0
41.71748537517248,29798.56386854354,Premium,USA,Desktop,0
47.96936870665546,55617.20969612668,Basic,USA,Tablet,1
45.00706585458685,38042.85913390149,Basic,USA,,0
40.51016095074124,50553.12206279519,Standard,Canada,Tablet,0
34.15801146249623,55858.90859298855,Premium,Canada,Desktop,1
15.068468797808102,86808.55018915357,Basic,UK,Mobile,1
40.15541862959103,61141.249426803864,Standard,France,Mobile,0
37.49225224595733,70471.98214613502,Standard,USA,Mobile,0
,78076.21728040886,Basic,USA,Desktop,0
19.679017090156286,57338.838754991666,Basic,USA,Tablet,0
22.02732151510085,54285.347004007985,Premium,USA,Desktop,0
47.637834239994845,33999.18336760676,Standard,UK,Mobile,0
34.52533815372014,48250.55101399408,Basic,UK,Desktop,1
43.178008368471495,39153.684055462065,Premium,UK,Tablet,0
35.339820513565535,43984.11724813421,,USA,Desktop,0
35.35707367394894,78059.95064288702,Standard,USA,Tablet,0
46.259405671711974,51719.322637999845,Standard,Canada,Tablet,1
28.80746326139151,36861.50633425837,Premium,USA,Tablet,0
36.1534493232918,70618.00182036957,,UK,Desktop,1
29.45269653553949,64329.132143561736,Premium,,Desktop,0
29.786045270812213,65114.80238900595,Standard,USA,Mobile,1
31.289934518376327,19908.04695346408,Standard,UK,Mobile,1
37.665605259604554,79230.06436582228,Premium,Canada,Desktop,0
29.255016540038273,41622.27886859169,Basic,USA,Mobile,0
50.06907350688225,61669.32159189133,Standard,Canada,,0
24.264712373365953,87856.99685925548,Premium,USA,Mobile,0
32.75754027006369,82329.99122285926,Standard,USA,Tablet,0
29.7232273007099,35336.568117909694,Standard,UK,Mobile,1
52.3637346122448,28332.239944965906,Standard,Germany,Mobile,0
,71455.19898271892,Basic,USA,Tablet,0
47.38213447362362,52130.83717391,Standard,USA,Mobile,0
17.173275523556335,42486.7783804688,Premium,Germany,Mobile,0
38.20460319043111,59318.27820408571,Basic,Germany,Mobile,1
45.675569547481246,47556.806338108385,Basic,UK,Desktop,1
35.98740787130509,60519.86205573115,,USA,Mobile,0
47.78576450078421,51004.72711728099,Basic,France,Desktop,0
28.792538598795534,60835.8189249225,Basic,USA,Desktop,0
,36582.00966295417,,UK,Desktop,1
62.58677748343101,71366.93019698952,Premium,USA,Desktop,0
30.64593727472409,60464.350560986575,Standard,UK,Desktop,0
29.65396974319074,59694.46054105359,Premium,USA,Mobile,1
52.44061372541241,33234.95109482009,Basic,Canada,Tablet,0
53.95486574876855,75494.4862496637,Premium,USA,Mobile,1
28.72567967416078,49794.25850950598,Standard,USA,Desktop,0
29.957758194849713,60920.73293644762,Premium,UK,Mobile,1
31.618584693673913,45157.63304380087,Standard,Germany,Tablet,0
18.866593867588676,53913.335970231456,Standard,,Mobile,0
23.97617664218962,54456.91028179106,Standard,USA,Mobile,0
22.950310798975185,7701.0360199486895,Standard,UK,Desktop,1
25.78642921875046,58736.72186982247,Premium,UK,Desktop,0
34.583781351358624,79480.12192583128,Standard,USA,Mobile,0
37.81057679043825,58096.70388487935,Standard,USA,Desktop,0
53.606005913768925,106903.12879996178,Standard,UK,Desktop,0
23.01975151113451,59749.423492308306,Standard,France,,0
46.81186878171901,65892.20795260009,Premium,UK,Desktop,1
32.43213386929389,57686.997742855805,Premium,Canada,Mobile,0
,48888.09340354934,Standard,Canada,Mobile,0
43.097833905999245,46367.76161264104,,USA,Tablet,0
21.527335741252415,46305.3536694979,Premium,UK,Tablet,0
39.58891695420861,60466.65351516819,Standard,UK,Mobile,0
36.99742649855667,28893.140074105577,Standard,USA,Mobile,0
40.90941516809779,44421.9025871689,,Germany,Desktop,0
38.470023726893814,73934.14734516422,Standard,USA,Mobile,0
64.46360167893073,74512.92899865765,Premium,,Mobile,1
27.347120188984206,27827.79368297507,Standard,USA,Mobile,0
28.62803653997819,33028.79583104586,Standard,USA,Mobile,0
27.522313682902826,45940.691307080946,Basic,USA,Mobile,1
28.334274570076943,63388.84275671528,Standard,Canada,Desktop,1
27.351354472321788,22587.884689205144,,USA,Mobile,0
49.26819837329062,49177.87047623783,Standard,Canada,Mobile,0
52.04605097587826,42887.31265130532,Standard,Canada,Mobile,1
28.151044475006284,69889.4701142785,,UK,Mobile,0
25.011733122749256,24846.372890461185,Standard,USA,Mobile,0
40.65698667663685,51388.109232404335,Standard,Canada,Mobile,0
28.373323468628346,44095.858439771095,Premium,USA,Desktop,0
42.59518181306613,72046.98389415932,Premium,UK,Mobile,0
37.435076250215594,58964.78969529874,Basic,USA,Mobile,1
16.811070620033217,41212.76511113398,Standard,France,Mobile,0
53.57006241596074,62800.79664993624,Standard,UK,Desktop,0
56.55053207714626,44167.56720037139,Basic,Canada,Tablet,1
27.646535714187365,64989.94566859631,Standard,Canada,Mobile,0
30.34758128076819,46443.84513671633,Standard,USA,Tablet,1
38.43038468869886,65819.99868153145,Basic,USA,Mobile,0
39.0134814798443,56541.229326908746,Standard,Germany,Tablet,1
42.902531272073965,98907.36621037134,Basic,France,Mobile,1
59.1224544651962,49206.55991875994,Standard,USA,Desktop,0
32.87663327007141,55742.934374321725,Premium,Canada,Desktop,1
25.420433065538553,42808.628874261034,Premium,UK,Mobile,0
18.448169263825672,50040.28011132168,Basic,UK,Tablet,0
26.228839520696972,9472.472987758389,Basic,USA,Desktop,1
34.60247632551444,56983.76024811548,Basic,USA,Mobile,0
,70143.11319424117,Standard,USA,Mobile,1
28.788664411565943,55949.450068990314,Basic,Germany,Mobile,1
,30292.07813033934,Standard,Canada,Tablet,0
34.80292524712698,37973.19270936499,Basic,Canada,Desktop,0
49.26071928137701,13547.118092655946,Premium,France,Mobile,0
65.32318911048347,64683.86010298136,Basic,UK,Desktop,0
28.62957472495615,34902.300609356294,Basic,Germany,Tablet,1
29.126726689781336,49569.37114681658,Premium,Canada,Desktop,1
47.52993052482886,47693.9364150917,Basic,USA,Desktop,0
,72315.90553487401,Basic,France,Desktop,0
57.1604879088324,51279.21976948608,Standard,Canada,Mobile,0
42.00713822391157,62133.393801590144,Standard,USA,Mobile,0
30.688494910555285,58196.956462214934,Premium,USA,Tablet,1
42.08785796830771,70391.171299421,Basic,USA,Mobile,1
48.30444296699489,46413.14458245562,Standard,Canada,Tablet,1
,78044.22995756776,Basic,Germany,Mobile,0
41.08728837328757,20215.067654010272,Basic,France,Mobile,1
47.80009627506985,62862.10247001854,Premium,France,Tablet,0
49.03154708534807,37000.705870038015,Premium,USA,Desktop,0
51.58590789245032,42608.756708300716,Basic,USA,Mobile,1
42.784518651075715,58541.21400351553,Standard,USA,Desktop,1
32.994583036197746,58421.03074771614,Basic,Germany,Desktop,0
36.76056423719987,59096.42020535107,Premium,USA,Desktop,0
49.47810759810028,29207.630838421428,Basic,UK,Mobile,1
25.196771948153167,215206.36040756584,Basic,UK,Tablet,1
39.424079706474814,36490.293226584865,Standard,Canada,Tablet,0
30.279934252071673,38490.693646622014,Standard,USA,Mobile,1
35.34493787521781,59568.45107250243,Standard,,Tablet,0
50.341422351287584,45699.18237858139,Basic,,Tablet,0
37.29318881623884,54623.91260843738,Basic,USA,Desktop,0
35.55723857787378,17650.98955050818,Standard,Canada,Desktop,0
18.681726308240968,54264.86674278847,Basic,,Mobile,0
43.95504279232665,53267.47819268323,Premium,USA,Mobile,0
42.7458101736929,42352.12193353575,Basic,Canada,Desktop,0
60.95905667966552,18888.860603528155,Standard,USA,Tablet,0
31.30666118056399,46807.87607777593,Standard,Canada,Desktop,0
37.62980393196727,49439.39210302081,Basic,USA,Desktop,0
37.992604204529066,44491.56514504257,Standard,Canada,Mobile,1
53.92943935716169,22457.383033512535,Premium,USA,Mobile,0
33.85645361135658,73921.01010975374,Basic,Canada,Mobile,1
38.34825830924407,40417.0770808344,,,Mobile,0
42.29475811659847,46666.93005615649,Standard,Germany,Desktop,0
37.2393094778763,13857.885181725644,Basic,Germany,Mobile,1
29.64279662539366,73922.8302304731,Standard,UK,Desktop,1
37.32907991477969,43001.751023989156,Basic,USA,Mobile,0
47.883580998317264,51476.942256113034,Premium,USA,Desktop,0
22.681816407067277,66811.06167224978,Premium,France,Desktop,0
36.595636089762515,39855.43692925061,Premium,USA,Mobile,0
26.59855022072992,64448.67481079816,,USA,Mobile,0
49.34055954709811,19080.118160882874,Premium,UK,Mobile,1
16.721757142594704,58264.7998635697,Standard,USA,Tablet,1
28.29293783274094,73583.6324977948,Basic,USA,Mobile,0
39.52654250077425,41293.74729172955,Standard,,Desktop,1
53.786288350812086,66783.22430447598,Basic,Germany,,1
34.210996867124145,77508.83978290675,Premium,Canada,Desktop,0
28.33760567968162,46177.37242918971,Standard,,Mobile,0
57.57388483328708,44937.07571225209,Basic,UK,Tablet,0
17.623833195005073,36525.59381251544,Basic,UK,Mobile,1
8.614328520559017,42354.047672222994,Basic,USA,Mobile,1
40.28017340063999,37769.6016459107,Standard,USA,Tablet,1
28.975349307768667,36513.33352359159,Standard,UK,Desktop,1
,67982.52945067035,Standard,Germany,Mobile,1
43.50027736759224,38151.10962067611,Standard,UK,Mobile,1
37.925608565254386,53877.82872079434,Standard,USA,Mobile,0
28.23105643115926,50573.50152824356,Basic,USA,Desktop,1
19.636347215949268,72471.41843856683,Basic,Germany,Mobile,0
45.469487939361734,42452.656519174794,Standard,USA,,0
,55717.22069981483,Standard,Canada,Tablet,1
33.809889634647405,61866.04553414164,Basic,USA,Tablet,1
57.15964395257199,72346.24410980873,Basic,USA,Mobile,1
,42233.699824321,Basic,UK,Desktop,0
16.693697948903136,40731.6129690143,Standard,UK,Tablet,0
26.69710316142507,34073.28419059921,Basic,USA,Tablet,1
34.452967803734026,83544.4943127236,Standard,USA,Mobile,1
37.9200733918723,70767.08657270581,Premium,Germany,Mobile,0
32.10516730572404,49366.97908531935,Basic,USA,Mobile,0
39.22466475817156,78971.58726690584,,Canada,Desktop,0
19.98152690971467,48472.04908451514,Standard,,Desktop,0
52.32517524887911,60866.15707150294,Standard,USA,Tablet,0
34.01418585928917,50152.57852584081,Standard,France,Mobile,1
48.407549979057535,55967.081776257066,Standard,USA,Mobile,0
39.11270415653245,54376.4216380032,Standard,Canada,Mobile,0
40.48103862984541,43625.21939935026,Standard,USA,Mobile,0
41.837207362786444,66387.47807128029,Basic,,Mobile,0
40.37250272020778,60739.28626525852,Basic,USA,Desktop,1
42.71267311841053,65415.41890252218,Basic,USA,Desktop,1
50.94983036158918,54803.40778249019,Basic,,Desktop,1
37.35825403641764,36401.45177334299,Basic,Canada,Mobile,0
43.508045091062144,75640.79099836553,Basic,Canada,Mobile,1
33.92317166855328,46061.65649648861,Premium,USA,Mobile,0
52.281406585393675,55461.005428526216,Premium,UK,Tablet,0
26.883292375288764,59530.72038233404,,USA,Mobile,1
56.61128519492979,55361.32574326428,Standard,USA,Tablet,0
34.51810459226788,63731.25531845412,Premium,Canada,Mobile,0
17.83069877458342,66100.66883474747,Premium,USA,Tablet,0
36.53725297892947,46627.49745429128,Standard,,Tablet,0
26.82738011030143,74382.01012933471,Basic,France,Mobile,0
,45996.446687581025,,UK,Desktop,0
27.168512248371307,55051.235733211826,Standard,Germany,Mobile,0
29.645798801422643,44184.827245936525,Standard,UK,Tablet,1
12.325511228653628,39897.89716023815,Basic,USA,Mobile,1
29.57232416901108,65662.86633186298,Basic,UK,Mobile,0
5.913448080452518,96828.45346139066,Premium,USA,Desktop,0
15.99316611817132,44573.60167519524,Standard,USA,Tablet,0
44.12497587373157,68229.82362017118,Basic,Germany,Mobile,1
44.42960190380999,45111.33030949709,Basic,Canada,Desktop,0
40.10549074141958,49842.72534715993,Standard,Germany,Mobile,0
23.396286282449445,76363.75658347507,Standard,USA,Mobile,1
34.42746372629624,33896.970723870414,Basic,UK,Desktop,0
34.95676953091318,29927.613970653158,Premium,USA,Mobile,0
21.099623729689487,48692.02026855276,Basic,UK,Mobile,0
53.04077962120581,59954.84041906511,Basic,UK,Tablet,1
45.52834748690806,56954.99857521323,Standard,Canada,Mobile,0
32.34842991404403,55410.18763539494,Basic,USA,Desktop,1
35.32263006793437,151535.93916802102,Premium,USA,Mobile,0
37.50059369537063,61798.10040475879,Premium,USA,Mobile,0
10.499181578908512,6294.913369325419,Premium,UK,Mobile,1
32.033871409752834,38737.920423683885,Basic,France,Desktop,0
26.816189024026418,48595.81386074828,Basic,USA,Desktop,0
22.980559881261016,60568.02198653764,Basic,UK,Mobile,0
31.62679648536854,72346.47710102849,Standard,Germany,Mobile,0
56.572238322194266,36723.50437749289,Premium,Canada,Tablet,1
42.690114335204115,71856.17938304851,Premium,UK,Mobile,0
28.14585212260644,43211.57496197955,Premium,Germany,Tablet,0
41.8709933762739,48051.35325528971,,USA,Mobile,0
