Customer_ID,Age,Annual_Income,Days_Since_Last_Purchase,Total_Spend,Has_Premium_Membership,Email_Subscriber,Used_Coupon,Customer_Satisfaction,Education_Level,Loyalty_Tier,Preferred_Category,Region,Payment_Method
1001,41,1035.0,16.0,161.01,No,Subscribed,No,Satisfied,Bachelor's,Bronze,Clothing,West,PayPal
1002,33,778.5,2.0,129.6,Yes,Subscribed,Yes,Neutral,Bachelor's,Gold,Books,North,Credit Card
1003,43,463.3,13.0,287.13,No,Not Subscribed,No,Neutral,Master's,Silver,Electronics,South,Credit Card
1004,53,303.2,4.0,0.0,No,Subscribed,Yes,Neutral,Bachelor's,Bronze,Electronics,North,PayPal
1005,32,679.6,50.0,187.97,No,Not Subscribed,Yes,Neutral,Bachelor's,Bronze,Clothing,South,Credit Card
1006,32,566.0,89.0,160.36,No,Subscribed,Yes,Satisfied,,Bronze,Sports,North,Credit Card
1007,54,764.9,2.0,0.0,No,Subscribed,Yes,Satisfied,High School,Bronze,Sports,South,Debit Card
1008,44,654.4,93.0,164.43,No,Not Subscribed,No,Satisfied,PhD,Bronze,Books,South,Bank Transfer
1009,29,839.1,22.0,74.15,No,Not Subscribed,Yes,Very Satisfied,High School,Bronze,Clothing,South,Credit Card
1010,42,324.2,11.0,2.64,No,Subscribed,No,Very Dissatisfied,High School,Gold,Electronics,West,PayPal
1011,29,,2.0,0.0,No,Subscribed,No,Satisfied,Master's,Bronze,Home & Garden,Central,Bank Transfer
1012,29,503.3,21.0,0.0,No,Not Subscribed,No,Satisfied,High School,Silver,Sports,South,Debit Card
1013,38,1552.7,47.0,287.13,No,Subscribed,Yes,Very Satisfied,Bachelor's,Silver,Electronics,North,PayPal
1014,18,295.6,37.0,37.06,No,Not Subscribed,No,Very Dissatisfied,,Bronze,Electronics,South,Debit Card
1015,18,1266.7,2.0,100.98,No,Not Subscribed,No,Satisfied,,Silver,Electronics,Central,Credit Card
1016,28,503.4,2.0,0.0,Yes,Subscribed,Yes,Very Satisfied,PhD,Bronze,Home & Garden,East,PayPal
1017,23,302.4,15.0,0.0,Yes,Subscribed,Yes,Neutral,High School,Silver,Sports,East,Credit Card
1018,39,334.4,10.0,145.48,Yes,Subscribed,No,Very Satisfied,Bachelor's,Bronze,Home & Garden,North,Credit Card
1019,24,368.8,8.0,0.0,No,Not Subscribed,No,Very Dissatisfied,High School,Bronze,Books,East,PayPal
1020,18,576.6,10.0,18.1,Yes,Subscribed,No,Satisfied,,Silver,Electronics,South,Credit Card
1021,53,611.7,49.0,76.06,Yes,Subscribed,No,Very Satisfied,Master's,Bronze,Books,Central,
1022,32,,79.0,52.55,No,,No,Satisfied,Bachelor's,Silver,Sports,Central,PayPal
1023,36,440.5,16.0,5.85,No,Subscribed,Yes,Satisfied,Bachelor's,Gold,Clothing,North,PayPal
1024,18,1616.4,71.0,177.5,No,Subscribed,Yes,Very Dissatisfied,Bachelor's,Bronze,Books,East,Credit Card
1025,28,1260.3,12.0,230.12,Yes,Subscribed,Yes,,Bachelor's,Bronze,Clothing,South,Credit Card
1026,36,580.8,19.0,159.73,No,Not Subscribed,No,Satisfied,PhD,Bronze,Sports,South,PayPal
1027,21,457.3,8.0,0.0,No,Not Subscribed,No,Very Dissatisfied,High School,Silver,Sports,Central,Bank Transfer
1028,40,480.4,31.0,1.37,No,Not Subscribed,Yes,,Bachelor's,Silver,Sports,East,Credit Card
1029,28,645.9,116.0,143.58,No,Subscribed,No,Satisfied,Master's,Bronze,Home & Garden,South,Credit Card
1030,31,242.0,28.0,108.47,No,Subscribed,Yes,Dissatisfied,Bachelor's,Bronze,Electronics,South,Gift Card
1031,28,383.0,13.0,0.0,Yes,Not Subscribed,Yes,Neutral,High School,Silver,Clothing,West,Credit Card
1032,57,164.3,31.0,48.12,Yes,Subscribed,Yes,Dissatisfied,Bachelor's,Bronze,Clothing,West,Gift Card
1033,35,568.0,4.0,0.0,Yes,Not Subscribed,Yes,Satisfied,Bachelor's,Silver,Sports,East,PayPal
1034,22,659.1,66.0,88.63,No,Not Subscribed,Yes,Satisfied,High School,Silver,Sports,South,PayPal
1035,45,334.5,21.0,210.05,No,Subscribed,Yes,Satisfied,Master's,Gold,Books,South,Credit Card
1036,20,1149.4,18.0,55.06,No,Not Subscribed,Yes,,Bachelor's,Bronze,Electronics,Central,Credit Card
1037,38,,26.0,0.0,Yes,Not Subscribed,Yes,Very Satisfied,Master's,Bronze,Sports,East,Credit Card
1038,18,185.7,29.0,86.79,No,Subscribed,No,Satisfied,Master's,Bronze,Books,South,Gift Card
1039,19,511.5,2.0,0.0,No,Subscribed,Yes,Very Dissatisfied,Bachelor's,Bronze,Sports,East,Debit Card
1040,37,837.9,34.0,34.54,No,Subscribed,No,Satisfied,High School,Gold,Electronics,West,Debit Card
1041,44,1227.8,8.0,93.58,No,Subscribed,Yes,Satisfied,Bachelor's,Bronze,Electronics,South,Debit Card
1042,37,339.4,38.0,0.0,Yes,Subscribed,Yes,Satisfied,High School,Silver,Electronics,North,Credit Card
1043,34,853.9,52.0,98.68,No,Subscribed,Yes,Satisfied,Master's,Bronze,Home & Garden,East,PayPal
1044,31,436.8,49.0,89.52,No,Not Subscribed,Yes,Neutral,High School,Bronze,Home & Garden,West,PayPal
1045,18,403.0,24.0,78.22,Yes,Subscribed,No,Very Satisfied,High School,Bronze,Books,West,Debit Card
1046,26,759.6,22.0,95.88,Yes,Subscribed,Yes,Dissatisfied,Bachelor's,Silver,Clothing,Central,Credit Card
1047,29,661.1,5.0,18.02,No,Not Subscribed,No,Satisfied,,Bronze,Clothing,South,PayPal
1048,48,173.6,45.0,54.41,No,Subscribed,No,Very Dissatisfied,High School,Bronze,Home & Garden,North,Gift Card
1049,39,1084.1,9.0,33.35,No,Not Subscribed,No,Very Satisfied,Bachelor's,Gold,Sports,Central,PayPal
1050,18,1023.1,21.0,135.17,Yes,Subscribed,No,Dissatisfied,High School,Bronze,Books,East,Credit Card
1051,39,307.1,10.0,0.0,No,Subscribed,No,Dissatisfied,High School,Bronze,Sports,West,PayPal
1052,30,566.8,4.0,39.92,No,Subscribed,Yes,Neutral,Bachelor's,Bronze,Clothing,West,Credit Card
1053,27,601.2,30.0,0.0,No,,No,Neutral,Bachelor's,Bronze,Home & Garden,East,Debit Card
1054,42,522.7,2.0,43.5,No,Subscribed,Yes,Neutral,Bachelor's,Gold,Sports,South,Bank Transfer
1055,47,321.3,41.0,0.0,Yes,Not Subscribed,Yes,Satisfied,Bachelor's,Bronze,Clothing,West,PayPal
1056,46,298.8,11.0,0.0,No,Subscribed,No,Satisfied,Bachelor's,Bronze,Electronics,West,PayPal
1057,25,440.2,0.0,43.75,No,Subscribed,No,Very Dissatisfied,Bachelor's,Bronze,Electronics,East,Debit Card
1058,31,903.5,21.0,53.44,No,Subscribed,No,Neutral,Master's,Silver,Electronics,East,Credit Card
1059,39,619.4,1.0,156.08,No,Not Subscribed,Yes,Very Satisfied,High School,Bronze,Home & Garden,North,Credit Card
1060,47,357.9,10.0,0.0,No,Not Subscribed,No,Satisfied,Bachelor's,Silver,Electronics,North,Gift Card
1061,29,,37.0,140.09,No,Subscribed,Yes,Satisfied,Master's,Bronze,Electronics,South,Debit Card
1062,33,80.9,2.0,66.87,No,Subscribed,Yes,Satisfied,Master's,Bronze,Clothing,South,Credit Card
1063,22,890.6,55.0,124.61,No,Subscribed,Yes,Neutral,High School,Silver,Home & Garden,Central,Credit Card
1064,21,157.4,0.0,0.0,No,Subscribed,Yes,,High School,Bronze,Clothing,West,Debit Card
1065,45,359.6,9.0,37.39,No,Subscribed,Yes,,Bachelor's,Silver,,West,Debit Card
1066,51,228.3,41.0,64.19,No,Not Subscribed,No,Very Satisfied,High School,Bronze,Electronics,East,Debit Card
1067,34,205.6,11.0,13.35,No,Not Subscribed,No,Very Satisfied,Master's,Silver,Electronics,North,Credit Card
1068,47,897.0,3.0,0.0,Yes,Subscribed,Yes,Satisfied,Bachelor's,Bronze,Clothing,Central,Bank Transfer
1069,39,337.6,13.0,45.74,No,Subscribed,No,Very Dissatisfied,Bachelor's,Silver,,South,PayPal
1070,27,550.3,9.0,291.87,Yes,Not Subscribed,No,Dissatisfied,High School,Bronze,Clothing,North,Debit Card
1071,39,434.6,55.0,16.77,No,Not Subscribed,No,Neutral,Bachelor's,Bronze,Electronics,East,PayPal
1072,53,595.1,,0.0,No,Subscribed,No,Satisfied,Bachelor's,Bronze,Sports,Central,Credit Card
1073,35,468.1,47.0,86.1,No,Subscribed,Yes,Dissatisfied,Master's,Bronze,Home & Garden,Central,Bank Transfer
1074,54,207.0,67.0,39.7,No,Subscribed,No,Very Satisfied,High School,Bronze,Electronics,North,Credit Card
1075,18,812.7,,152.23,No,Subscribed,No,Neutral,High School,Bronze,Electronics,Central,Credit Card
1076,45,332.4,72.0,0.0,No,Subscribed,Yes,Very Satisfied,Bachelor's,Bronze,,South,Debit Card
1077,36,175.7,14.0,81.04,Yes,Subscribed,Yes,Satisfied,High School,Silver,Home & Garden,North,PayPal
1078,31,345.8,100.0,75.24,No,Not Subscribed,No,Satisfied,Bachelor's,Silver,Clothing,West,Debit Card
1079,36,1100.0,3.0,0.0,Yes,Subscribed,Yes,,Master's,Silver,Home & Garden,Central,PayPal
1080,18,744.5,35.0,132.06,No,Subscribed,No,Satisfied,Bachelor's,Bronze,,East,Credit Card
1081,32,362.6,20.0,146.81,No,Subscribed,Yes,Satisfied,Master's,Bronze,Sports,East,
1082,39,,15.0,122.69,No,Not Subscribed,No,Satisfied,High School,Bronze,Clothing,West,Credit Card
1083,53,368.6,30.0,0.0,Yes,Not Subscribed,Yes,Satisfied,High School,Silver,Clothing,West,Gift Card
1084,29,1554.1,37.0,130.64,Yes,Subscribed,No,Very Satisfied,High School,Bronze,Electronics,Central,Credit Card
1085,25,,0.0,35.22,No,Subscribed,No,Satisfied,Bachelor's,Bronze,Books,East,Debit Card
1086,29,578.6,5.0,41.52,No,Not Subscribed,Yes,Satisfied,Master's,Silver,Home & Garden,Central,Credit Card
1087,46,829.4,37.0,26.5,No,Subscribed,No,Very Satisfied,High School,Bronze,Electronics,Central,PayPal
1088,39,515.9,33.0,25.25,No,Subscribed,Yes,Neutral,Bachelor's,Silver,Books,North,Gift Card
1089,29,382.7,101.0,172.33,No,Subscribed,Yes,Dissatisfied,Bachelor's,Silver,Books,West,PayPal
1090,41,397.3,43.0,0.0,Yes,Subscribed,Yes,Satisfied,Master's,Bronze,Books,East,Debit Card
1091,36,428.2,90.0,0.0,No,Subscribed,No,,High School,Bronze,Sports,South,Debit Card
1092,47,,36.0,0.0,No,Not Subscribed,Yes,Very Satisfied,High School,Bronze,Books,West,Debit Card
1093,27,691.7,11.0,47.85,Yes,Not Subscribed,Yes,Satisfied,High School,Silver,Electronics,North,Gift Card
1094,31,461.2,3.0,186.19,No,Subscribed,Yes,Satisfied,Bachelor's,Bronze,Sports,East,PayPal
1095,30,693.8,46.0,112.71,Yes,Not Subscribed,No,Satisfied,High School,Silver,Sports,Central,Credit Card
1096,18,425.9,31.0,0.0,No,Subscribed,No,Very Dissatisfied,Master's,Bronze,Electronics,South,Credit Card
1097,39,468.6,,303.1,Yes,Subscribed,Yes,Satisfied,Bachelor's,Bronze,Electronics,East,Credit Card
1098,38,134.8,13.0,30.74,No,Subscribed,Yes,Very Satisfied,Bachelor's,Bronze,Books,Central,Credit Card
1099,35,,94.0,188.13,Yes,Not Subscribed,No,Neutral,Bachelor's,Silver,Clothing,East,PayPal
1100,32,,21.0,23.46,No,Subscribed,Yes,Satisfied,High School,Bronze,Sports,South,Credit Card
1101,18,,17.0,129.45,No,Subscribed,No,Satisfied,Bachelor's,Silver,Electronics,East,Credit Card
1102,30,78.6,,95.73,No,Not Subscribed,No,Neutral,PhD,Bronze,Electronics,East,Credit Card
1103,31,1565.0,7.0,306.06,No,Not Subscribed,No,Dissatisfied,Master's,Bronze,Clothing,West,Debit Card
1104,25,411.1,14.0,132.75,No,Not Subscribed,Yes,Very Satisfied,Master's,Silver,Electronics,West,PayPal
1105,33,869.1,14.0,196.6,Yes,Subscribed,No,,Master's,Silver,Home & Garden,East,Credit Card
1106,40,239.5,2.0,0.0,No,Subscribed,No,,High School,Bronze,Home & Garden,West,Gift Card
1107,58,645.6,44.0,0.0,Yes,Subscribed,No,Neutral,High School,Bronze,Electronics,East,Credit Card
1108,37,237.6,16.0,42.44,No,Subscribed,Yes,Satisfied,High School,Silver,Electronics,South,Bank Transfer
1109,38,307.5,52.0,111.04,No,Not Subscribed,Yes,Satisfied,Bachelor's,Bronze,Clothing,West,PayPal
1110,34,1409.5,57.0,92.58,No,Subscribed,Yes,Satisfied,High School,Bronze,Electronics,West,Credit Card
1111,18,398.7,7.0,144.84,No,Subscribed,No,,Bachelor's,Gold,Sports,East,Debit Card
1112,35,509.3,32.0,215.28,Yes,Not Subscribed,No,Very Satisfied,Bachelor's,Bronze,Clothing,North,Debit Card
1113,36,753.4,19.0,0.0,Yes,Subscribed,Yes,Neutral,Master's,Bronze,Electronics,North,PayPal
1114,65,601.8,64.0,0.0,Yes,Subscribed,No,Neutral,Bachelor's,Bronze,Clothing,South,Gift Card
1115,33,489.2,7.0,0.0,No,Not Subscribed,Yes,Satisfied,Master's,Silver,Electronics,South,Credit Card
1116,39,556.4,34.0,39.04,Yes,Not Subscribed,No,Neutral,High School,Silver,Electronics,West,Credit Card
1117,35,1890.6,28.0,112.33,Yes,Not Subscribed,No,Very Satisfied,High School,Bronze,,North,Credit Card
1118,21,431.8,10.0,166.03,No,Subscribed,Yes,,Bachelor's,Bronze,Sports,West,Credit Card
1119,49,504.3,4.0,106.7,No,,Yes,Neutral,High School,Bronze,Books,South,Credit Card
1120,44,839.6,32.0,31.23,No,Not Subscribed,Yes,Very Satisfied,High School,Silver,Sports,South,Gift Card
1121,44,867.7,40.0,0.0,No,Subscribed,No,Satisfied,Bachelor's,Bronze,,East,Credit Card
1122,24,911.2,11.0,0.0,Yes,Subscribed,No,,High School,Gold,,South,PayPal
1123,52,655.8,31.0,56.46,No,Not Subscribed,No,Neutral,Bachelor's,Bronze,Clothing,Central,PayPal
1124,18,225.2,15.0,0.0,No,Subscribed,Yes,Satisfied,Bachelor's,Platinum,Home & Garden,North,Gift Card
1125,42,1191.1,37.0,234.0,Yes,Not Subscribed,No,Neutral,,Bronze,Books,East,Bank Transfer
1126,61,224.7,7.0,0.0,Yes,Subscribed,Yes,Very Satisfied,Bachelor's,Silver,Electronics,West,Debit Card
1127,23,536.0,66.0,375.32,No,Subscribed,No,Very Dissatisfied,Bachelor's,Bronze,Electronics,West,Bank Transfer
1128,28,284.3,10.0,244.82,No,Subscribed,Yes,Satisfied,High School,Bronze,Home & Garden,South,Debit Card
1129,36,430.1,14.0,0.0,Yes,Not Subscribed,No,Neutral,High School,Silver,Sports,East,Bank Transfer
1130,29,544.5,2.0,23.76,No,Subscribed,No,Neutral,Bachelor's,Silver,Sports,West,Debit Card
1131,18,542.1,4.0,165.8,No,Subscribed,No,Satisfied,Bachelor's,Bronze,Home & Garden,Central,Credit Card
1132,36,575.8,22.0,207.68,No,Not Subscribed,No,Very Satisfied,Master's,Silver,Books,Central,PayPal
1133,22,1177.1,9.0,0.0,No,Not Subscribed,Yes,Satisfied,Bachelor's,Bronze,Clothing,South,PayPal
1134,41,586.8,54.0,0.0,No,Not Subscribed,Yes,Very Satisfied,High School,Silver,Books,Central,Credit Card
1135,24,386.1,0.0,0.0,No,Subscribed,No,Neutral,Bachelor's,Bronze,Books,North,Credit Card
1136,54,797.1,14.0,92.69,No,Subscribed,Yes,Satisfied,Bachelor's,Bronze,Sports,North,PayPal
1137,26,912.6,12.0,145.36,No,Not Subscribed,Yes,,,Bronze,Clothing,West,Bank Transfer
1138,31,214.0,1.0,126.07,No,Not Subscribed,No,Very Dissatisfied,Bachelor's,Bronze,Electronics,North,Credit Card
1139,45,639.7,4.0,0.0,No,Subscribed,No,Satisfied,Bachelor's,Silver,Clothing,North,Debit Card
1140,20,680.8,16.0,0.0,No,Subscribed,Yes,Satisfied,Bachelor's,Bronze,Clothing,South,Debit Card
1141,38,373.9,20.0,93.0,No,Not Subscribed,Yes,Satisfied,Bachelor's,Bronze,Sports,East,Bank Transfer
1142,51,1020.5,16.0,0.0,Yes,Subscribed,Yes,Satisfied,High School,Bronze,Electronics,West,
1143,18,408.5,23.0,0.0,No,Not Subscribed,Yes,Satisfied,Bachelor's,Silver,Clothing,West,Debit Card
1144,37,482.0,27.0,54.74,No,Subscribed,No,Dissatisfied,High School,Bronze,Sports,South,PayPal
1145,38,402.9,0.0,127.07,No,Subscribed,No,Dissatisfied,High School,Bronze,Electronics,East,Credit Card
1146,44,451.2,19.0,7.11,Yes,Not Subscribed,No,Satisfied,PhD,Gold,Clothing,Central,PayPal
1147,20,231.6,99.0,0.0,No,Subscribed,Yes,Neutral,PhD,Bronze,Clothing,West,Debit Card
1148,19,,22.0,0.0,No,Subscribed,No,Dissatisfied,High School,Silver,Home & Garden,South,Gift Card
1149,41,1163.6,34.0,131.21,Yes,Subscribed,No,Satisfied,Bachelor's,Silver,Electronics,Central,Debit Card
1150,39,268.9,11.0,0.0,No,Subscribed,Yes,Satisfied,High School,Bronze,,West,Credit Card
1151,38,246.6,45.0,0.0,Yes,Not Subscribed,No,Neutral,Bachelor's,Gold,Clothing,North,PayPal
1152,39,122.8,44.0,57.92,Yes,Not Subscribed,No,Satisfied,Master's,Silver,Books,North,Credit Card
1153,27,304.7,22.0,61.3,No,Not Subscribed,No,Satisfied,PhD,Bronze,Clothing,North,Credit Card
1154,38,202.1,112.0,38.02,No,Subscribed,No,Neutral,Bachelor's,Bronze,Clothing,West,Credit Card
1155,39,1197.3,,0.0,No,Subscribed,Yes,Satisfied,Bachelor's,Silver,Electronics,North,Credit Card
1156,26,819.3,1.0,87.32,Yes,Subscribed,Yes,Satisfied,,Bronze,Electronics,East,
1157,57,295.8,44.0,0.0,No,Not Subscribed,No,,Bachelor's,Silver,Clothing,North,Credit Card
1158,41,1726.8,49.0,249.03,Yes,Not Subscribed,Yes,,Master's,Bronze,Electronics,Central,Credit Card
1159,21,805.6,4.0,234.3,Yes,Not Subscribed,Yes,Very Dissatisfied,Master's,Bronze,Clothing,South,Bank Transfer
1160,43,367.9,9.0,0.0,Yes,Subscribed,No,Satisfied,Bachelor's,Bronze,Home & Garden,Central,Credit Card
1161,23,99.8,1.0,0.0,No,Subscribed,No,Neutral,Bachelor's,Bronze,Clothing,Central,Credit Card
1162,44,1767.2,10.0,288.93,No,Subscribed,No,,High School,Bronze,Electronics,North,Credit Card
1163,49,194.2,,127.51,No,Subscribed,No,Very Satisfied,High School,Silver,Sports,East,Credit Card
1164,25,166.6,22.0,0.0,No,Subscribed,No,Satisfied,Master's,Silver,,North,Credit Card
1165,47,825.6,13.0,20.66,Yes,Not Subscribed,No,Neutral,Bachelor's,Silver,Electronics,Central,Credit Card
1166,40,1932.2,14.0,0.0,No,Subscribed,Yes,Neutral,Bachelor's,Silver,Electronics,East,PayPal
1167,45,1025.7,0.0,162.78,No,Subscribed,Yes,Neutral,Bachelor's,Silver,Books,North,Credit Card
1168,58,627.0,11.0,237.85,No,Subscribed,Yes,Satisfied,Master's,Bronze,Electronics,North,Credit Card
1169,32,638.7,31.0,64.52,Yes,Not Subscribed,Yes,Neutral,High School,Silver,,South,Gift Card
1170,26,745.9,110.0,13.47,No,Subscribed,Yes,Satisfied,Master's,Bronze,Electronics,Central,PayPal
1171,24,704.8,,82.95,No,Not Subscribed,Yes,Neutral,Master's,Gold,Sports,West,Gift Card
1172,25,529.2,1.0,23.52,No,Not Subscribed,No,,Master's,Silver,,Central,PayPal
1173,34,475.9,69.0,0.0,No,Subscribed,No,Dissatisfied,Bachelor's,Bronze,Books,South,Credit Card
1174,39,430.5,46.0,136.93,Yes,Not Subscribed,Yes,Very Satisfied,High School,Bronze,Clothing,North,Debit Card
1175,38,284.4,45.0,62.67,No,Subscribed,No,,Bachelor's,Bronze,Home & Garden,Central,Credit Card
1176,45,377.7,18.0,15.36,Yes,Subscribed,No,Satisfied,Bachelor's,Bronze,Electronics,North,Credit Card
1177,35,161.9,15.0,0.0,No,,Yes,Satisfied,High School,Bronze,Electronics,Central,Debit Card
1178,52,,11.0,189.35,No,Not Subscribed,No,Satisfied,Bachelor's,Bronze,Sports,South,PayPal
1179,32,247.0,2.0,71.08,Yes,Subscribed,No,,Bachelor's,Bronze,Clothing,North,Debit Card
1180,68,230.5,,0.0,No,Subscribed,Yes,Neutral,Master's,Gold,Books,West,Gift Card
1181,43,498.0,8.0,116.51,No,Subscribed,No,Neutral,High School,Silver,Clothing,Central,Credit Card
1182,25,1030.5,20.0,46.42,Yes,Subscribed,Yes,Satisfied,Bachelor's,Silver,Sports,Central,PayPal
1183,22,775.6,41.0,0.0,No,Subscribed,No,Satisfied,Master's,Silver,Clothing,North,PayPal
1184,41,174.2,19.0,0.0,Yes,Subscribed,Yes,Satisfied,Master's,Bronze,Books,North,Bank Transfer
1185,32,246.9,2.0,0.0,No,Subscribed,No,Neutral,Master's,Bronze,,East,
1186,44,786.1,95.0,110.21,No,,Yes,Neutral,Bachelor's,Silver,Clothing,West,Gift Card
1187,41,247.9,86.0,0.0,No,Subscribed,No,Dissatisfied,Master's,Gold,Sports,West,Credit Card
1188,34,390.6,46.0,0.0,No,Subscribed,Yes,Dissatisfied,,Bronze,Sports,North,Debit Card
1189,25,621.8,142.0,0.0,No,Subscribed,No,Neutral,Bachelor's,Silver,Electronics,Central,Credit Card
1190,18,250.0,24.0,20.18,No,Not Subscribed,No,Dissatisfied,High School,Gold,Home & Garden,West,Credit Card
1191,30,476.2,99.0,39.99,Yes,Subscribed,No,Dissatisfied,,Silver,Electronics,West,Bank Transfer
1192,45,200.8,2.0,0.0,No,Subscribed,No,Very Satisfied,High School,Gold,Sports,East,Credit Card
1193,38,311.6,14.0,0.0,No,Subscribed,No,Very Dissatisfied,High School,Bronze,Electronics,South,Bank Transfer
1194,20,541.6,8.0,0.0,Yes,Not Subscribed,No,Satisfied,High School,Gold,Electronics,Central,Credit Card
1195,37,171.9,7.0,66.38,No,Subscribed,No,,High School,Silver,Clothing,East,
1196,40,582.2,5.0,0.0,No,Not Subscribed,No,Very Satisfied,High School,Bronze,Home & Garden,Central,Credit Card
1197,24,441.8,29.0,36.48,No,Not Subscribed,No,Satisfied,,Gold,Sports,Central,Credit Card
1198,37,622.7,46.0,0.0,Yes,Not Subscribed,Yes,Neutral,High School,Bronze,Books,West,Credit Card
1199,36,511.3,26.0,70.72,Yes,Not Subscribed,Yes,Satisfied,Bachelor's,Bronze,Clothing,East,PayPal
1200,21,1013.4,5.0,198.8,Yes,Subscribed,Yes,,High School,Bronze,Electronics,North,Credit Card
1201,39,481.9,50.0,90.58,No,Subscribed,No,Satisfied,Master's,Bronze,,North,Debit Card
1202,42,345.5,30.0,5.0,Yes,Not Subscribed,Yes,Dissatisfied,Master's,Bronze,Home & Garden,South,Credit Card
1203,48,481.0,,90.84,No,Subscribed,No,Very Satisfied,Bachelor's,Silver,Clothing,North,Credit Card
1204,48,619.3,34.0,60.95,Yes,Subscribed,No,Satisfied,Bachelor's,Bronze,Clothing,South,Credit Card
1205,18,460.3,9.0,25.62,No,Not Subscribed,Yes,Neutral,High School,Bronze,Clothing,South,PayPal
1206,24,,13.0,16.33,No,Subscribed,No,Satisfied,,Bronze,,South,Debit Card
1207,41,293.4,75.0,0.0,No,Subscribed,Yes,Neutral,Master's,Bronze,Sports,East,Gift Card
1208,41,300.3,10.0,32.23,Yes,Subscribed,Yes,,Master's,Silver,Clothing,North,Credit Card
1209,41,192.7,19.0,0.0,No,Subscribed,No,Satisfied,Bachelor's,Silver,Sports,North,PayPal
1210,75,1277.1,66.0,0.0,Yes,Not Subscribed,Yes,Satisfied,Bachelor's,Gold,Clothing,West,Debit Card
1211,42,211.9,37.0,0.0,No,Subscribed,Yes,Dissatisfied,Master's,Silver,Electronics,East,Credit Card
1212,49,295.0,2.0,0.0,No,Subscribed,No,Very Satisfied,High School,Bronze,Sports,East,PayPal
1213,46,290.5,5.0,0.0,Yes,Subscribed,Yes,Satisfied,Bachelor's,Gold,Home & Garden,West,
1214,43,764.7,0.0,102.27,No,Not Subscribed,No,Neutral,High School,Silver,Electronics,West,Credit Card
1215,31,374.5,30.0,0.0,No,Not Subscribed,No,Dissatisfied,Master's,Bronze,,East,Credit Card
1216,44,945.0,18.0,98.91,Yes,Subscribed,Yes,Neutral,High School,Silver,Clothing,West,Credit Card
1217,26,298.4,4.0,27.04,No,Not Subscribed,Yes,Very Satisfied,High School,Gold,Sports,Central,PayPal
1218,32,528.5,95.0,0.0,Yes,Subscribed,No,Neutral,Bachelor's,Silver,Clothing,West,Credit Card
1219,29,270.8,23.0,90.8,No,Not Subscribed,No,Satisfied,Master's,Bronze,Home & Garden,East,Credit Card
1220,36,1619.2,8.0,195.62,No,Subscribed,Yes,Very Dissatisfied,Bachelor's,Silver,Electronics,West,Credit Card
1221,63,219.2,21.0,0.0,Yes,Not Subscribed,No,Neutral,High School,Bronze,Clothing,North,Credit Card
1222,18,538.3,,56.19,No,Subscribed,Yes,Satisfied,High School,Bronze,Books,East,Credit Card
1223,43,653.8,2.0,0.0,No,Subscribed,No,Very Satisfied,Master's,Bronze,Sports,Central,Gift Card
1224,18,573.0,10.0,87.89,No,Subscribed,Yes,Satisfied,PhD,Bronze,Electronics,East,Credit Card
1225,29,400.0,49.0,0.0,No,Not Subscribed,Yes,Very Satisfied,Master's,Bronze,Clothing,Central,Debit Card
1226,48,413.5,18.0,0.0,No,Subscribed,Yes,Satisfied,Bachelor's,Bronze,Clothing,South,Credit Card
1227,36,458.9,24.0,8.62,No,Not Subscribed,No,Very Dissatisfied,Master's,Silver,Home & Garden,Central,Debit Card
1228,22,409.3,17.0,45.1,No,Subscribed,No,Neutral,Bachelor's,Silver,Sports,East,PayPal
1229,26,797.0,1.0,59.81,No,Subscribed,No,Satisfied,Bachelor's,Platinum,Home & Garden,North,Credit Card
1230,43,1684.0,5.0,32.02,No,Subscribed,Yes,Very Satisfied,Bachelor's,Bronze,Clothing,East,Debit Card
1231,26,319.9,18.0,0.0,No,Not Subscribed,Yes,Very Satisfied,Bachelor's,Bronze,Sports,South,PayPal
1232,38,196.5,7.0,53.61,No,Subscribed,Yes,Neutral,Master's,Gold,Clothing,North,Debit Card
1233,36,424.0,2.0,23.47,No,Not Subscribed,No,Neutral,Bachelor's,Bronze,Electronics,West,PayPal
1234,27,2101.5,56.0,135.41,No,Not Subscribed,No,Neutral,Bachelor's,Silver,Home & Garden,South,Bank Transfer
1235,61,276.0,119.0,0.0,No,Not Subscribed,No,Very Satisfied,,Silver,Books,West,Debit Card
1236,43,1195.2,47.0,267.43,No,Subscribed,Yes,Very Satisfied,High School,Bronze,,South,Bank Transfer
1237,18,1223.2,58.0,31.78,No,Not Subscribed,No,Satisfied,Bachelor's,Silver,Home & Garden,North,PayPal
1238,37,320.7,8.0,56.65,No,Not Subscribed,Yes,Neutral,High School,Silver,Home & Garden,Central,PayPal
1239,27,628.9,97.0,175.27,Yes,Subscribed,No,Satisfied,High School,Bronze,Books,South,Debit Card
1240,45,1187.5,7.0,137.1,No,Not Subscribed,Yes,Satisfied,Bachelor's,Bronze,Clothing,West,Gift Card
1241,25,356.1,91.0,0.0,No,Subscribed,No,Neutral,Bachelor's,Bronze,Clothing,West,Bank Transfer
1242,34,395.6,,5.43,No,Subscribed,Yes,Satisfied,Master's,Bronze,Books,East,Credit Card
1243,41,315.3,37.0,116.24,Yes,Subscribed,Yes,Very Dissatisfied,Bachelor's,Bronze,Sports,Central,Debit Card
1244,45,243.2,119.0,0.0,Yes,Subscribed,No,,Master's,Bronze,Clothing,West,Credit Card
1245,21,302.8,25.0,0.0,No,Subscribed,Yes,Very Satisfied,,Bronze,Clothing,South,PayPal
1246,31,214.5,9.0,0.0,No,Subscribed,Yes,Satisfied,Master's,Gold,Clothing,Central,Credit Card
1247,29,456.2,17.0,130.4,Yes,Not Subscribed,No,Satisfied,Bachelor's,Bronze,,North,Credit Card
1248,27,281.6,27.0,66.76,No,Subscribed,No,Satisfied,Bachelor's,Bronze,Books,East,Bank Transfer
1249,56,514.3,2.0,0.0,No,Subscribed,No,Neutral,PhD,Bronze,Clothing,Central,Credit Card
1250,40,175.7,29.0,0.0,Yes,Subscribed,Yes,Satisfied,High School,Bronze,,West,PayPal
1251,20,545.2,119.0,0.0,No,Subscribed,No,Satisfied,High School,Bronze,Electronics,West,PayPal
1252,46,737.1,6.0,0.0,No,Not Subscribed,No,Satisfied,Bachelor's,Bronze,Clothing,West,Credit Card
1253,60,135.1,47.0,104.85,No,Subscribed,Yes,Satisfied,High School,Bronze,Electronics,West,Credit Card
1254,47,,72.0,0.0,No,Not Subscribed,No,Neutral,PhD,Silver,Sports,Central,PayPal
1255,18,933.7,86.0,277.24,No,Subscribed,Yes,Neutral,Bachelor's,Platinum,Home & Garden,South,
1256,29,216.3,97.0,114.77,No,Not Subscribed,Yes,Satisfied,Bachelor's,Bronze,Home & Garden,North,Debit Card
1257,50,1219.4,22.0,165.61,No,Subscribed,Yes,Neutral,Bachelor's,Bronze,Electronics,East,Bank Transfer
1258,27,574.8,114.0,37.49,Yes,Subscribed,Yes,Satisfied,Bachelor's,Silver,Electronics,West,Credit Card
1259,40,292.8,42.0,5.61,Yes,Not Subscribed,No,Neutral,High School,Silver,Electronics,South,Credit Card
1260,44,432.3,5.0,0.0,No,Subscribed,No,Dissatisfied,Bachelor's,Bronze,Clothing,North,PayPal
1261,24,624.9,19.0,0.0,No,Not Subscribed,No,Neutral,Bachelor's,Gold,Home & Garden,South,Debit Card
1262,34,467.9,38.0,57.5,Yes,Not Subscribed,No,Very Satisfied,Bachelor's,Bronze,Home & Garden,Central,Credit Card
1263,18,617.6,9.0,195.62,No,Subscribed,Yes,Neutral,Master's,Bronze,Home & Garden,West,Credit Card
1264,23,257.3,31.0,0.0,Yes,Subscribed,No,Satisfied,High School,Silver,Clothing,South,PayPal
1265,32,494.8,33.0,0.0,No,Subscribed,No,Satisfied,High School,Gold,Clothing,North,Bank Transfer
1266,20,191.4,5.0,3.24,No,Not Subscribed,Yes,Dissatisfied,High School,Silver,Electronics,South,Credit Card
1267,55,418.2,25.0,0.0,No,Not Subscribed,No,,Bachelor's,Bronze,Electronics,North,PayPal
1268,18,259.9,44.0,82.75,No,Subscribed,No,Satisfied,Master's,Bronze,,North,Bank Transfer
1269,30,,21.0,0.0,Yes,Subscribed,No,,Master's,Bronze,Home & Garden,Central,
1270,37,938.5,0.0,98.05,No,Subscribed,No,Very Satisfied,Bachelor's,Bronze,Electronics,Central,Debit Card
1271,52,860.4,0.0,62.27,Yes,Not Subscribed,Yes,Neutral,Bachelor's,Silver,Electronics,North,PayPal
1272,18,644.2,13.0,0.0,No,Subscribed,Yes,Dissatisfied,Bachelor's,Silver,Sports,North,Bank Transfer
1273,49,232.1,78.0,13.02,Yes,Subscribed,Yes,Very Satisfied,,Silver,Home & Garden,South,Debit Card
1274,35,369.7,8.0,0.9,No,Not Subscribed,No,Neutral,High School,Platinum,Home & Garden,East,Gift Card
1275,23,925.6,30.0,76.48,No,Subscribed,No,Satisfied,PhD,Bronze,Clothing,South,Debit Card
1276,41,486.7,8.0,0.0,No,Subscribed,No,Satisfied,Bachelor's,Silver,Clothing,South,Debit Card
1277,37,1797.6,12.0,102.54,No,Not Subscribed,Yes,Neutral,PhD,Silver,Books,South,Credit Card
1278,28,566.0,57.0,177.73,No,Not Subscribed,Yes,Satisfied,Bachelor's,Bronze,Sports,West,Credit Card
1279,36,501.6,39.0,51.78,Yes,Subscribed,No,Dissatisfied,Bachelor's,Silver,Clothing,West,Debit Card
1280,30,371.3,3.0,128.39,Yes,Subscribed,No,Neutral,High School,Bronze,Sports,West,Credit Card
1281,36,484.3,17.0,0.0,No,Subscribed,Yes,,High School,Silver,Sports,South,PayPal
1282,43,407.9,1.0,32.49,Yes,Subscribed,No,Very Satisfied,Bachelor's,Bronze,Clothing,Central,Credit Card
1283,54,683.7,20.0,0.0,Yes,Not Subscribed,No,Neutral,Bachelor's,Bronze,Clothing,Central,Debit Card
1284,20,793.6,33.0,0.0,No,Subscribed,No,Satisfied,High School,Silver,Electronics,North,Credit Card
1285,61,278.9,4.0,0.0,No,,No,Very Satisfied,High School,Silver,Electronics,South,Debit Card
1286,18,201.1,,132.03,No,Not Subscribed,Yes,Satisfied,High School,Bronze,Home & Garden,East,
1287,33,148.5,15.0,106.03,No,Subscribed,No,Satisfied,Bachelor's,Bronze,Clothing,North,Credit Card
1288,42,606.3,76.0,56.11,No,Subscribed,No,Satisfied,Bachelor's,Bronze,Sports,East,PayPal
1289,38,230.6,150.0,0.0,Yes,Subscribed,Yes,Neutral,High School,Bronze,Books,East,Credit Card
1290,28,122.8,1.0,0.0,No,Not Subscribed,Yes,Satisfied,High School,Silver,Electronics,East,Credit Card
1291,33,564.4,43.0,109.6,No,Not Subscribed,No,Satisfied,High School,Gold,Clothing,South,Credit Card
1292,29,1995.0,14.0,228.51,No,Subscribed,Yes,Very Satisfied,Bachelor's,Bronze,Sports,East,Credit Card
1293,28,445.4,15.0,0.0,Yes,Not Subscribed,Yes,Very Satisfied,High School,Silver,Sports,Central,Bank Transfer
1294,45,739.3,42.0,0.0,No,Subscribed,No,Very Satisfied,Master's,Bronze,Sports,South,Credit Card
1295,39,,75.0,29.55,Yes,Not Subscribed,Yes,Very Satisfied,High School,Silver,Clothing,West,Debit Card
1296,27,421.3,90.0,81.89,Yes,Subscribed,No,Satisfied,High School,Bronze,Clothing,North,Credit Card
1297,46,775.9,26.0,0.0,Yes,Subscribed,Yes,Satisfied,Master's,Bronze,Home & Garden,North,PayPal
1298,39,375.6,13.0,22.06,No,Not Subscribed,No,Very Satisfied,Bachelor's,Silver,Books,East,Credit Card
1299,45,524.8,46.0,90.91,No,Subscribed,Yes,Neutral,High School,Bronze,Clothing,North,Debit Card
1300,43,542.2,9.0,133.06,No,Subscribed,Yes,Very Satisfied,Master's,Silver,Books,North,Debit Card
1301,25,299.4,25.0,102.24,No,Subscribed,Yes,Satisfied,Bachelor's,Silver,Clothing,North,Debit Card
1302,28,810.6,13.0,74.13,No,Subscribed,No,Satisfied,Master's,Bronze,Books,East,Credit Card
1303,44,402.5,32.0,0.0,Yes,Subscribed,No,,Bachelor's,Bronze,Home & Garden,West,Debit Card
1304,42,284.0,8.0,0.0,Yes,Not Subscribed,Yes,Very Satisfied,Bachelor's,Silver,Clothing,South,Credit Card
1305,35,,6.0,19.78,No,Subscribed,No,Neutral,PhD,Silver,Home & Garden,West,Credit Card
1306,36,260.7,75.0,137.02,No,Subscribed,No,Satisfied,High School,Bronze,Clothing,North,PayPal
1307,50,454.6,3.0,186.01,No,Not Subscribed,No,Satisfied,Bachelor's,Bronze,Clothing,West,PayPal
1308,28,444.6,21.0,80.28,Yes,Subscribed,Yes,Neutral,Bachelor's,Silver,,South,PayPal
1309,42,857.6,7.0,94.09,Yes,,No,,High School,Bronze,Electronics,West,Debit Card
1310,33,594.3,1.0,89.72,Yes,Not Subscribed,Yes,Satisfied,High School,Bronze,Clothing,Central,Credit Card
1311,32,440.3,1.0,0.0,No,Not Subscribed,Yes,Satisfied,High School,Bronze,Sports,Central,Credit Card
1312,48,730.1,6.0,79.51,No,Not Subscribed,No,Neutral,Bachelor's,Silver,Home & Garden,North,Credit Card
1313,45,1029.4,60.0,294.61,No,Not Subscribed,No,Satisfied,Bachelor's,Silver,Electronics,Central,Debit Card
1314,45,624.7,10.0,0.0,No,Subscribed,Yes,,Bachelor's,Platinum,Sports,North,PayPal
1315,51,449.8,90.0,189.49,No,Not Subscribed,Yes,Satisfied,High School,Silver,Home & Garden,Central,Credit Card
1316,35,203.5,26.0,0.0,No,Subscribed,No,Neutral,Bachelor's,Gold,Books,South,Debit Card
1317,43,235.9,17.0,138.4,Yes,Not Subscribed,No,Very Satisfied,,Bronze,Home & Garden,South,PayPal
1318,31,372.2,26.0,0.0,No,Subscribed,Yes,Satisfied,Bachelor's,Silver,Electronics,North,PayPal
1319,39,310.1,22.0,79.63,No,Not Subscribed,No,Satisfied,Bachelor's,Bronze,Clothing,North,PayPal
1320,33,399.6,43.0,0.0,Yes,Not Subscribed,Yes,Satisfied,Master's,Silver,Home & Garden,West,PayPal
1321,36,462.5,10.0,0.0,No,Not Subscribed,Yes,Neutral,Master's,Bronze,Electronics,Central,Debit Card
1322,42,614.2,13.0,34.02,No,Subscribed,No,Satisfied,Bachelor's,Bronze,Electronics,West,Credit Card
1323,25,428.5,67.0,128.94,No,Subscribed,Yes,,Master's,Silver,Electronics,West,Credit Card
1324,60,598.5,88.0,0.0,No,Not Subscribed,Yes,Satisfied,Bachelor's,Silver,Clothing,West,Credit Card
1325,23,464.6,67.0,0.0,No,Not Subscribed,No,Satisfied,Master's,Bronze,,South,PayPal
1326,20,136.6,16.0,8.0,No,Subscribed,No,Satisfied,High School,Silver,Clothing,North,Gift Card
1327,49,254.4,45.0,0.0,Yes,Not Subscribed,Yes,Dissatisfied,High School,Bronze,Electronics,North,PayPal
1328,44,410.0,19.0,82.99,Yes,Not Subscribed,No,Satisfied,High School,Bronze,Home & Garden,South,Credit Card
1329,42,216.3,21.0,102.22,Yes,Subscribed,No,Neutral,Master's,Silver,Home & Garden,South,Debit Card
1330,43,640.7,7.0,79.34,Yes,Not Subscribed,Yes,Dissatisfied,Bachelor's,Bronze,Clothing,North,Debit Card
1331,35,1119.9,27.0,284.09,No,Subscribed,No,Very Satisfied,High School,Gold,Electronics,North,Gift Card
1332,24,,6.0,61.8,No,Subscribed,Yes,Satisfied,High School,Bronze,Electronics,North,PayPal
1333,36,393.3,12.0,0.0,Yes,Subscribed,Yes,Satisfied,,Silver,Clothing,Central,Gift Card
1334,27,1093.4,58.0,0.0,No,Subscribed,No,Satisfied,Master's,Silver,Electronics,North,Credit Card
1335,47,488.7,7.0,44.17,Yes,Not Subscribed,No,Very Satisfied,Bachelor's,Bronze,Clothing,East,Credit Card
1336,33,365.2,2.0,0.0,No,Subscribed,Yes,Satisfied,Bachelor's,Bronze,Home & Garden,East,Credit Card
1337,25,309.4,,137.51,Yes,Not Subscribed,Yes,Satisfied,Bachelor's,Silver,Clothing,East,Debit Card
1338,31,372.8,85.0,98.74,No,Not Subscribed,No,Neutral,Bachelor's,Silver,Electronics,North,Credit Card
1339,40,354.1,21.0,0.0,Yes,Not Subscribed,Yes,Very Satisfied,Master's,Bronze,Clothing,South,PayPal
1340,28,495.1,16.0,66.22,No,Subscribed,Yes,Very Satisfied,High School,Bronze,Home & Garden,North,PayPal
1341,25,492.2,50.0,115.47,No,Not Subscribed,Yes,Very Satisfied,Bachelor's,Bronze,Sports,South,Credit Card
1342,38,447.8,54.0,182.56,No,Subscribed,No,Neutral,Bachelor's,Bronze,Sports,North,Gift Card
1343,38,581.0,,155.76,Yes,Subscribed,Yes,Neutral,Bachelor's,Bronze,Home & Garden,East,Credit Card
1344,29,913.2,35.0,153.14,Yes,Subscribed,Yes,Neutral,Bachelor's,Bronze,Clothing,West,Credit Card
1345,29,790.2,44.0,88.85,Yes,Subscribed,No,Neutral,Bachelor's,Silver,Clothing,East,Debit Card
1346,38,183.4,32.0,51.67,No,Not Subscribed,No,Very Satisfied,High School,Silver,Sports,East,Credit Card
1347,18,96.6,5.0,135.81,Yes,Subscribed,No,Very Dissatisfied,Bachelor's,Gold,Electronics,South,Debit Card
1348,18,783.0,63.0,0.0,No,Not Subscribed,Yes,Dissatisfied,High School,Silver,Books,West,Debit Card
1349,26,196.9,23.0,0.0,No,Subscribed,No,Neutral,High School,Gold,Home & Garden,South,Bank Transfer
1350,32,390.6,10.0,0.0,No,Subscribed,Yes,Neutral,High School,Bronze,Home & Garden,West,Gift Card
1351,39,221.5,17.0,56.88,No,Not Subscribed,Yes,Neutral,Master's,Silver,Electronics,West,Credit Card
1352,53,151.6,1.0,142.47,Yes,Not Subscribed,No,Satisfied,Bachelor's,Gold,Home & Garden,South,PayPal
1353,45,618.6,,0.0,Yes,Subscribed,Yes,Satisfied,Bachelor's,Silver,Clothing,South,Credit Card
1354,33,704.9,44.0,0.0,No,Subscribed,Yes,Very Dissatisfied,Bachelor's,Bronze,Electronics,East,Credit Card
1355,35,316.3,0.0,2.46,No,Subscribed,Yes,,Bachelor's,Silver,Clothing,North,Credit Card
1356,23,94.4,16.0,95.61,Yes,Subscribed,Yes,Satisfied,Bachelor's,Gold,Sports,North,Credit Card
1357,35,,22.0,95.05,Yes,Not Subscribed,Yes,Dissatisfied,Bachelor's,Silver,Clothing,North,Gift Card
1358,32,565.5,2.0,86.79,No,Not Subscribed,No,Satisfied,Bachelor's,Bronze,Clothing,North,Credit Card
1359,39,184.1,108.0,0.0,Yes,,Yes,Satisfied,Bachelor's,Silver,Electronics,East,PayPal
1360,25,499.0,8.0,0.0,No,Not Subscribed,Yes,Satisfied,Bachelor's,Platinum,Home & Garden,West,PayPal
1361,41,442.9,11.0,91.49,No,Subscribed,Yes,Satisfied,Master's,Bronze,Home & Garden,South,PayPal
1362,53,632.8,11.0,0.0,Yes,Subscribed,No,,Master's,Silver,,Central,Bank Transfer
1363,34,480.3,8.0,225.85,Yes,Subscribed,No,Very Satisfied,High School,Bronze,Clothing,Central,Credit Card
1364,40,249.3,0.0,69.04,Yes,Not Subscribed,Yes,Very Satisfied,High School,Silver,Clothing,Central,PayPal
1365,43,916.5,39.0,0.0,No,Subscribed,No,Very Satisfied,Bachelor's,Silver,Home & Garden,West,PayPal
1366,30,406.5,102.0,0.0,No,Subscribed,Yes,Very Dissatisfied,Bachelor's,Bronze,Electronics,South,Credit Card
1367,38,439.7,8.0,54.55,No,,Yes,Very Satisfied,High School,Bronze,Books,North,PayPal
1368,35,255.3,33.0,0.0,No,Subscribed,Yes,Very Satisfied,Master's,Silver,Home & Garden,East,Debit Card
1369,36,342.6,41.0,150.04,No,Not Subscribed,Yes,Very Satisfied,High School,Bronze,Clothing,East,Credit Card
1370,26,262.9,57.0,34.0,Yes,Subscribed,Yes,Dissatisfied,Master's,Bronze,Clothing,West,Credit Card
1371,35,403.0,16.0,0.0,Yes,Subscribed,No,Satisfied,,Silver,Sports,Central,Credit Card
1372,41,1248.4,11.0,342.3,No,Not Subscribed,Yes,Very Satisfied,Master's,Bronze,Electronics,East,Debit Card
1373,52,196.3,12.0,32.91,Yes,Not Subscribed,No,,High School,Bronze,Clothing,South,Debit Card
1374,47,169.8,37.0,88.1,Yes,Not Subscribed,Yes,,High School,Gold,Home & Garden,North,PayPal
1375,61,1080.6,51.0,68.48,No,Subscribed,Yes,Very Satisfied,Bachelor's,Bronze,Clothing,North,PayPal
1376,26,394.3,6.0,54.93,No,Subscribed,Yes,Satisfied,High School,Bronze,,East,Gift Card
1377,45,299.2,14.0,75.59,No,Subscribed,No,Satisfied,Bachelor's,Silver,Electronics,East,
1378,37,834.2,70.0,0.0,No,Subscribed,Yes,Satisfied,Bachelor's,Silver,Sports,West,Debit Card
1379,61,310.8,49.0,230.9,Yes,Not Subscribed,No,Very Satisfied,High School,Gold,Electronics,East,Debit Card
1380,25,1337.0,126.0,265.88,No,Subscribed,Yes,Dissatisfied,High School,Gold,Electronics,Central,PayPal
1381,25,671.4,42.0,31.67,Yes,Subscribed,Yes,Satisfied,Master's,Silver,Sports,West,PayPal
1382,28,333.6,15.0,0.0,No,Subscribed,Yes,Satisfied,High School,Bronze,Home & Garden,West,Gift Card
1383,18,1631.0,27.0,265.37,No,Subscribed,Yes,Satisfied,,Bronze,Clothing,North,Gift Card
1384,29,310.8,32.0,19.66,Yes,Not Subscribed,Yes,Satisfied,Bachelor's,Bronze,Electronics,Central,
1385,26,697.7,2.0,103.37,No,Subscribed,Yes,Very Satisfied,PhD,Bronze,Home & Garden,West,Credit Card
1386,37,534.9,24.0,41.18,Yes,Subscribed,No,Very Satisfied,Bachelor's,Silver,Clothing,North,
1387,39,976.2,37.0,102.37,No,Subscribed,Yes,Dissatisfied,High School,Silver,Books,North,Credit Card
1388,58,,5.0,243.41,No,Subscribed,No,Satisfied,Bachelor's,Bronze,Books,Central,Gift Card
1389,46,455.7,46.0,87.98,No,Subscribed,Yes,,Master's,Silver,Home & Garden,North,Credit Card
1390,28,284.4,26.0,0.0,No,Not Subscribed,No,Neutral,Master's,Bronze,Clothing,East,Credit Card
1391,24,589.1,91.0,156.25,Yes,Subscribed,No,Satisfied,Bachelor's,Bronze,,South,Credit Card
1392,41,297.7,1.0,184.47,No,Not Subscribed,Yes,Very Satisfied,Bachelor's,Silver,Home & Garden,West,Credit Card
1393,19,1496.1,9.0,488.78,No,Not Subscribed,Yes,Very Satisfied,Bachelor's,Bronze,Electronics,West,Credit Card
1394,57,485.2,28.0,0.0,Yes,Not Subscribed,No,Dissatisfied,High School,Bronze,Clothing,South,PayPal
1395,49,359.0,11.0,32.11,No,Not Subscribed,No,Dissatisfied,Bachelor's,Bronze,Electronics,East,Debit Card
1396,29,499.4,38.0,0.0,No,Subscribed,Yes,Satisfied,Bachelor's,Bronze,Electronics,Central,Bank Transfer
1397,18,199.2,43.0,60.1,Yes,Subscribed,Yes,Satisfied,PhD,Silver,Electronics,West,PayPal
1398,51,249.5,3.0,0.0,No,Subscribed,No,Neutral,High School,Gold,Clothing,Central,PayPal
1399,34,918.6,22.0,286.63,Yes,Not Subscribed,Yes,Very Satisfied,High School,Bronze,Sports,East,PayPal
1400,50,301.4,21.0,0.0,No,,No,Very Satisfied,Bachelor's,Bronze,,South,PayPal
1401,18,238.5,14.0,0.0,Yes,Not Subscribed,Yes,Satisfied,Bachelor's,Silver,Clothing,South,PayPal
1402,28,616.8,81.0,0.0,No,Subscribed,Yes,Very Satisfied,Master's,Gold,Electronics,West,Credit Card
1403,35,910.5,53.0,0.0,No,Not Subscribed,No,Neutral,High School,Bronze,Home & Garden,North,Credit Card
1404,36,688.1,36.0,162.42,No,Subscribed,No,,High School,Bronze,Clothing,South,Credit Card
1405,30,812.6,,0.0,No,Subscribed,Yes,Satisfied,,Silver,Home & Garden,North,Credit Card
1406,42,,19.0,11.07,No,Subscribed,No,Dissatisfied,Bachelor's,Silver,Books,East,Debit Card
1407,22,190.5,76.0,0.0,No,Subscribed,No,Very Satisfied,Master's,Bronze,Electronics,West,Credit Card
1408,33,1100.4,36.0,112.76,Yes,Subscribed,No,,Bachelor's,Silver,Electronics,North,Gift Card
1409,36,368.3,39.0,215.79,No,Subscribed,Yes,,Master's,Bronze,Clothing,West,Gift Card
1410,41,384.6,59.0,62.51,No,Subscribed,No,Neutral,Bachelor's,Bronze,Books,Central,Bank Transfer
1411,44,991.8,10.0,0.0,No,Not Subscribed,No,Very Dissatisfied,Master's,Bronze,Sports,South,Bank Transfer
1412,22,624.1,49.0,6.56,No,Not Subscribed,No,Dissatisfied,Bachelor's,Silver,Sports,West,Credit Card
1413,18,587.6,,54.89,No,Not Subscribed,No,Satisfied,Master's,Bronze,Clothing,Central,PayPal
1414,50,1638.6,13.0,153.78,No,Subscribed,Yes,Satisfied,High School,Bronze,,Central,Credit Card
1415,39,303.8,12.0,0.0,No,Not Subscribed,No,Neutral,Bachelor's,Bronze,Electronics,South,Debit Card
1416,26,780.0,115.0,130.75,Yes,Not Subscribed,No,Satisfied,High School,Silver,Electronics,North,Gift Card
1417,54,462.6,58.0,0.0,No,Subscribed,Yes,Satisfied,Bachelor's,Bronze,Sports,North,Gift Card
1418,36,525.2,36.0,0.16,No,Subscribed,Yes,Satisfied,Bachelor's,Bronze,Books,West,PayPal
1419,49,1118.4,39.0,10.34,No,Subscribed,Yes,Satisfied,High School,Bronze,Electronics,West,Debit Card
1420,36,606.2,25.0,72.81,No,Subscribed,No,Very Satisfied,PhD,Silver,Electronics,West,Credit Card
1421,60,617.4,88.0,59.29,Yes,Not Subscribed,Yes,Satisfied,High School,Bronze,Electronics,South,Credit Card
1422,56,850.7,21.0,0.0,No,Not Subscribed,No,Satisfied,Master's,Bronze,Electronics,North,Debit Card
1423,32,359.1,14.0,0.0,No,Subscribed,No,Neutral,PhD,Bronze,Electronics,East,PayPal
1424,47,270.2,5.0,43.16,Yes,Not Subscribed,No,Neutral,High School,Silver,Books,East,Bank Transfer
1425,43,238.8,46.0,3.68,No,Not Subscribed,No,Very Dissatisfied,Bachelor's,Bronze,Home & Garden,West,Credit Card
1426,51,137.4,40.0,0.0,Yes,Not Subscribed,No,Satisfied,High School,Silver,Sports,East,Gift Card
1427,23,1535.0,15.0,25.61,No,Subscribed,Yes,Neutral,High School,Silver,Sports,South,PayPal
1428,43,230.6,1.0,101.12,Yes,Not Subscribed,No,Neutral,Bachelor's,Gold,Clothing,South,Debit Card
1429,48,391.4,55.0,0.0,No,Subscribed,Yes,Satisfied,Master's,Bronze,Sports,South,Debit Card
1430,18,378.6,0.0,24.12,No,Subscribed,No,Neutral,High School,Gold,Home & Garden,South,Gift Card
1431,21,537.6,36.0,226.18,No,Subscribed,Yes,Neutral,Bachelor's,Bronze,,North,Credit Card
1432,18,729.3,105.0,0.0,No,Subscribed,No,Neutral,Bachelor's,Bronze,Home & Garden,South,Bank Transfer
1433,32,749.1,17.0,0.0,No,Not Subscribed,No,,Master's,Silver,Clothing,North,Credit Card
1434,44,315.1,8.0,117.05,Yes,Subscribed,No,Dissatisfied,,Bronze,Sports,North,Credit Card
1435,53,404.4,37.0,0.0,Yes,Subscribed,Yes,Satisfied,Bachelor's,Bronze,Books,West,PayPal
1436,36,529.6,51.0,0.0,No,Subscribed,Yes,Satisfied,Bachelor's,Bronze,Clothing,South,Debit Card
1437,55,385.0,24.0,0.0,Yes,Not Subscribed,No,Satisfied,Bachelor's,Silver,Sports,West,PayPal
1438,18,1172.6,102.0,138.48,No,Subscribed,Yes,,Master's,Bronze,Electronics,West,Debit Card
1439,18,600.1,2.0,173.87,No,Not Subscribed,No,,Master's,Silver,Sports,East,Debit Card
1440,34,694.7,21.0,130.93,No,Subscribed,Yes,Very Dissatisfied,High School,Silver,Clothing,Central,Credit Card
1441,40,665.4,38.0,124.31,No,Subscribed,No,Neutral,Bachelor's,Silver,Electronics,North,Bank Transfer
1442,35,903.9,60.0,0.0,Yes,Subscribed,Yes,,,Bronze,Clothing,West,Credit Card
1443,18,498.3,6.0,0.0,No,Subscribed,No,Dissatisfied,Bachelor's,Gold,Home & Garden,Central,Gift Card
1444,34,205.3,48.0,0.0,No,Subscribed,No,Neutral,Bachelor's,Bronze,Electronics,Central,Credit Card
1445,19,568.2,24.0,0.0,No,Subscribed,Yes,Neutral,Bachelor's,Bronze,Books,North,PayPal
1446,43,302.4,15.0,100.87,No,Not Subscribed,Yes,,Bachelor's,Bronze,Electronics,South,PayPal
1447,39,325.5,4.0,77.39,Yes,Not Subscribed,Yes,Satisfied,PhD,Bronze,Books,North,Credit Card
1448,24,635.5,60.0,23.54,No,Subscribed,No,Neutral,High School,Bronze,Home & Garden,West,Credit Card
1449,29,939.7,5.0,51.16,No,Subscribed,No,Satisfied,Master's,Bronze,Clothing,West,Credit Card
1450,22,452.8,11.0,0.0,No,Not Subscribed,No,Neutral,Bachelor's,Bronze,Clothing,South,Credit Card
1451,34,538.0,10.0,65.77,Yes,Subscribed,No,,Bachelor's,Bronze,Home & Garden,East,Credit Card
1452,46,1241.3,62.0,117.04,No,Subscribed,Yes,Satisfied,Master's,Silver,Home & Garden,West,PayPal
1453,23,516.5,34.0,0.0,No,Not Subscribed,Yes,Very Dissatisfied,Bachelor's,Silver,Home & Garden,East,Debit Card
1454,41,2129.4,48.0,291.37,Yes,Not Subscribed,Yes,Dissatisfied,Bachelor's,Silver,Clothing,Central,PayPal
1455,29,627.6,9.0,166.31,No,Subscribed,Yes,Satisfied,Bachelor's,Bronze,Clothing,West,Gift Card
1456,25,155.4,29.0,0.0,No,Subscribed,No,Very Satisfied,Bachelor's,Bronze,Books,North,PayPal
1457,34,702.5,25.0,91.77,No,Subscribed,No,,Master's,Gold,Electronics,West,Debit Card
1458,23,561.9,54.0,308.18,No,Not Subscribed,Yes,Dissatisfied,Master's,Bronze,Clothing,South,Debit Card
1459,28,969.2,71.0,48.25,Yes,Subscribed,No,Very Satisfied,High School,Silver,Clothing,East,PayPal
1460,21,669.5,0.0,84.31,No,Subscribed,No,Satisfied,High School,Bronze,Sports,Central,Debit Card
1461,59,411.4,34.0,0.0,No,,Yes,Satisfied,Bachelor's,Gold,Sports,Central,Credit Card
1462,35,214.4,2.0,21.97,No,Subscribed,Yes,Very Satisfied,High School,Bronze,Clothing,South,Gift Card
1463,27,394.3,24.0,51.88,No,Not Subscribed,Yes,Satisfied,Bachelor's,Bronze,Electronics,South,Debit Card
1464,38,268.3,10.0,36.89,No,Not Subscribed,No,Neutral,High School,Silver,Electronics,South,Credit Card
1465,34,315.5,11.0,0.0,Yes,Not Subscribed,No,Satisfied,Bachelor's,Bronze,Clothing,East,Debit Card
1466,32,636.3,13.0,44.23,No,Subscribed,No,Satisfied,High School,Bronze,Clothing,North,Credit Card
1467,42,,29.0,267.74,No,Subscribed,Yes,Satisfied,Bachelor's,Bronze,Books,East,Credit Card
1468,44,566.4,12.0,71.13,No,Subscribed,Yes,Satisfied,Bachelor's,Silver,Clothing,North,Credit Card
1469,29,218.1,40.0,125.44,No,Subscribed,No,Very Satisfied,Bachelor's,Bronze,Clothing,South,Debit Card
1470,28,583.7,16.0,55.33,No,Not Subscribed,No,Very Satisfied,PhD,Bronze,Sports,South,Debit Card
1471,32,916.5,2.0,122.3,No,Subscribed,No,,Master's,Bronze,,Central,Debit Card
1472,18,310.0,46.0,41.01,Yes,Subscribed,No,Very Satisfied,Bachelor's,Bronze,Home & Garden,West,Credit Card
1473,18,412.5,10.0,0.0,No,,Yes,Very Satisfied,High School,Silver,Electronics,South,PayPal
1474,51,451.0,17.0,51.55,No,Not Subscribed,No,Dissatisfied,Master's,Bronze,Clothing,North,Debit Card
1475,55,279.1,35.0,0.0,No,Subscribed,No,Neutral,Master's,Bronze,Books,East,Credit Card
1476,32,659.5,12.0,19.58,No,Subscribed,Yes,Satisfied,Master's,Bronze,Home & Garden,South,PayPal
1477,42,415.7,2.0,62.26,No,Subscribed,No,,High School,Bronze,Clothing,East,Credit Card
1478,39,575.0,14.0,101.83,No,Not Subscribed,Yes,,PhD,Bronze,Home & Garden,West,Credit Card
1479,72,262.5,87.0,0.0,No,Subscribed,Yes,Satisfied,High School,Bronze,Books,West,PayPal
1480,48,343.8,31.0,116.36,No,Not Subscribed,Yes,Dissatisfied,Bachelor's,Bronze,Clothing,West,Debit Card
1481,33,689.5,33.0,135.33,No,Not Subscribed,Yes,Neutral,,Gold,Clothing,East,Credit Card
1482,24,357.4,30.0,0.0,No,Subscribed,Yes,Satisfied,High School,Bronze,Books,Central,Credit Card
1483,18,1259.9,7.0,0.0,No,Not Subscribed,Yes,Neutral,Master's,Silver,Electronics,Central,Credit Card
1484,37,351.7,16.0,2.35,No,Subscribed,No,Neutral,Bachelor's,Bronze,,East,Credit Card
1485,26,511.5,42.0,0.0,No,Not Subscribed,No,Neutral,PhD,Bronze,Home & Garden,South,Credit Card
1486,18,782.2,3.0,127.83,No,,Yes,Neutral,High School,Bronze,Home & Garden,East,Credit Card
1487,27,190.9,10.0,0.0,No,Subscribed,Yes,Satisfied,PhD,Bronze,Clothing,North,Debit Card
1488,22,155.4,10.0,0.0,Yes,Subscribed,No,Neutral,High School,Gold,Clothing,West,PayPal
1489,55,,17.0,0.0,Yes,Subscribed,Yes,Satisfied,Bachelor's,Gold,,East,Debit Card
1490,46,953.5,,84.94,No,Not Subscribed,Yes,Dissatisfied,Bachelor's,Silver,Electronics,North,Debit Card
1491,35,321.0,2.0,96.21,No,Subscribed,No,Very Satisfied,Bachelor's,Silver,Clothing,North,Credit Card
1492,53,2074.6,,118.75,No,Not Subscribed,No,Neutral,High School,Bronze,Electronics,East,Credit Card
1493,36,318.6,6.0,209.69,No,Subscribed,No,Satisfied,Bachelor's,Bronze,Electronics,Central,Gift Card
1494,25,499.4,106.0,0.0,Yes,Not Subscribed,No,Satisfied,High School,Gold,Books,East,Credit Card
1495,53,1127.6,4.0,216.22,No,Subscribed,Yes,Neutral,Bachelor's,Silver,Clothing,West,
1496,41,1489.6,16.0,121.63,No,Subscribed,No,Very Satisfied,High School,Bronze,Books,South,Credit Card
1497,23,1539.9,40.0,190.0,No,Subscribed,Yes,Satisfied,PhD,Bronze,Electronics,East,PayPal
1498,33,923.0,37.0,72.45,No,Not Subscribed,Yes,Satisfied,High School,Bronze,Home & Garden,East,PayPal
1499,24,826.4,16.0,160.43,Yes,Subscribed,Yes,Neutral,High School,Gold,Electronics,West,
1500,18,637.8,13.0,18.02,Yes,Subscribed,No,Very Satisfied,High School,Bronze,Sports,North,Gift Card
1501,46,713.1,15.0,0.0,No,Subscribed,Yes,Satisfied,Bachelor's,Bronze,Sports,East,PayPal
1502,58,321.1,,154.32,No,Not Subscribed,No,Neutral,High School,Bronze,Electronics,South,Credit Card
1503,18,273.6,7.0,27.18,No,Subscribed,No,Neutral,Bachelor's,Silver,Books,South,Credit Card
1504,42,446.1,20.0,69.65,Yes,Subscribed,No,Very Satisfied,Master's,Bronze,Electronics,Central,Credit Card
1505,27,403.6,9.0,174.03,Yes,Subscribed,No,,,Silver,Home & Garden,North,Credit Card
1506,29,340.6,10.0,0.0,No,Not Subscribed,No,Satisfied,Bachelor's,Bronze,Books,South,Credit Card
1507,28,678.9,32.0,140.43,No,Not Subscribed,No,Satisfied,High School,Silver,Sports,East,
1508,25,793.0,104.0,0.0,No,Subscribed,Yes,Satisfied,Bachelor's,Silver,Books,Central,Credit Card
1509,36,471.4,28.0,45.51,Yes,Subscribed,No,Neutral,High School,Bronze,Clothing,South,Credit Card
1510,25,1084.7,2.0,24.17,No,Subscribed,No,Neutral,Master's,Bronze,Electronics,West,Bank Transfer
1511,38,225.3,2.0,0.0,Yes,Subscribed,No,,High School,Bronze,Electronics,Central,PayPal
1512,34,398.0,91.0,0.0,Yes,Subscribed,No,Very Satisfied,Bachelor's,Bronze,Clothing,South,Bank Transfer
1513,32,290.8,11.0,149.99,No,Not Subscribed,No,Neutral,Bachelor's,Silver,Sports,South,Credit Card
1514,24,145.9,3.0,94.37,Yes,Subscribed,No,Satisfied,Master's,Bronze,,South,PayPal
1515,28,425.4,27.0,43.57,Yes,,No,Satisfied,High School,Bronze,Home & Garden,West,Credit Card
1516,44,415.5,29.0,43.19,No,Subscribed,No,Satisfied,Bachelor's,Bronze,Clothing,North,Credit Card
1517,41,1108.4,31.0,115.97,No,Not Subscribed,Yes,Very Satisfied,High School,Bronze,Clothing,South,Credit Card
1518,23,652.7,9.0,151.58,No,Subscribed,No,Satisfied,Bachelor's,Silver,Home & Garden,West,Bank Transfer
1519,36,241.8,0.0,0.0,No,Subscribed,No,Dissatisfied,Master's,Bronze,Clothing,East,Bank Transfer
1520,44,1359.7,101.0,223.17,Yes,Subscribed,No,Very Satisfied,Bachelor's,Gold,Sports,East,Credit Card
1521,18,930.0,,211.64,Yes,Subscribed,No,Satisfied,Bachelor's,Gold,Electronics,East,Credit Card
1522,42,633.9,34.0,3.76,No,Subscribed,Yes,Very Satisfied,Master's,Bronze,,North,PayPal
1523,27,390.2,37.0,177.5,No,Not Subscribed,No,Satisfied,Bachelor's,Bronze,Electronics,East,Credit Card
1524,42,251.4,28.0,0.0,No,Not Subscribed,No,Very Satisfied,Bachelor's,Silver,Electronics,East,Credit Card
1525,26,357.5,11.0,196.28,Yes,Subscribed,No,,Bachelor's,Bronze,Home & Garden,Central,Credit Card
1526,18,859.1,9.0,43.87,No,Subscribed,Yes,Neutral,Bachelor's,Bronze,Sports,South,PayPal
1527,18,1384.8,27.0,121.9,Yes,Subscribed,No,Very Satisfied,High School,Bronze,,Central,Credit Card
1528,36,1128.4,60.0,0.0,No,Subscribed,No,Neutral,Master's,Bronze,Clothing,West,Credit Card
1529,38,333.4,88.0,0.0,No,Subscribed,Yes,Dissatisfied,Bachelor's,Silver,Clothing,North,Credit Card
1530,24,228.3,3.0,0.0,No,Not Subscribed,Yes,Satisfied,High School,Bronze,Electronics,West,PayPal
1531,43,486.4,5.0,0.0,No,Not Subscribed,Yes,Very Satisfied,Master's,Bronze,Sports,North,Bank Transfer
1532,18,154.7,87.0,0.0,No,Not Subscribed,No,Neutral,Bachelor's,Gold,Sports,Central,Credit Card
1533,34,542.7,40.0,153.81,No,Subscribed,Yes,Very Satisfied,High School,Silver,Electronics,Central,
1534,20,409.1,64.0,38.22,No,Not Subscribed,Yes,Satisfied,Bachelor's,Bronze,Clothing,South,Debit Card
1535,27,338.0,7.0,63.74,Yes,Not Subscribed,No,Satisfied,,Silver,Sports,South,Bank Transfer
1536,36,171.7,27.0,0.0,No,Subscribed,Yes,Very Satisfied,Master's,Bronze,Clothing,South,Debit Card
1537,25,608.3,36.0,0.0,Yes,Subscribed,Yes,Satisfied,PhD,Silver,Home & Garden,South,Debit Card
1538,30,,34.0,185.84,No,Not Subscribed,No,Neutral,Master's,Bronze,Electronics,South,Gift Card
1539,47,221.5,16.0,0.0,No,Subscribed,No,Neutral,High School,Bronze,Home & Garden,South,Credit Card
1540,28,79.8,0.0,173.19,No,Subscribed,No,Satisfied,Bachelor's,Silver,Electronics,West,PayPal
1541,45,439.7,26.0,32.38,No,Subscribed,Yes,,Master's,Bronze,Sports,North,Bank Transfer
1542,21,1294.6,9.0,21.33,Yes,Subscribed,No,Very Satisfied,Bachelor's,Platinum,Clothing,West,Debit Card
1543,41,,18.0,243.64,No,Subscribed,No,Satisfied,Bachelor's,Bronze,Clothing,West,Bank Transfer
1544,52,339.8,95.0,146.82,No,Not Subscribed,Yes,Satisfied,Bachelor's,Gold,Sports,East,Debit Card
1545,18,311.5,15.0,12.9,No,Not Subscribed,Yes,Satisfied,Bachelor's,Gold,Electronics,Central,Gift Card
1546,25,592.2,55.0,44.11,No,Not Subscribed,Yes,Neutral,,Bronze,Clothing,South,Debit Card
1547,42,245.6,6.0,8.28,No,Subscribed,Yes,Dissatisfied,Bachelor's,Silver,Clothing,North,Debit Card
1548,33,535.7,33.0,74.05,No,Not Subscribed,No,Very Satisfied,Bachelor's,Bronze,Clothing,West,PayPal
1549,39,707.9,113.0,97.57,Yes,Subscribed,No,Dissatisfied,,Gold,,East,Gift Card
1550,28,933.3,3.0,20.42,Yes,Subscribed,Yes,Neutral,Bachelor's,Bronze,Sports,East,Debit Card
1551,36,,0.0,81.34,No,Subscribed,Yes,Satisfied,High School,Silver,Electronics,Central,Debit Card
1552,33,395.6,17.0,169.33,No,Subscribed,Yes,Satisfied,Bachelor's,Bronze,Home & Garden,Central,Debit Card
1553,49,264.0,3.0,64.11,No,Subscribed,No,Very Satisfied,Master's,Bronze,Clothing,West,Credit Card
1554,38,272.2,41.0,50.14,No,Subscribed,Yes,Neutral,,Bronze,Books,West,Credit Card
1555,39,390.2,74.0,0.0,No,Subscribed,No,,Master's,Bronze,Clothing,North,Bank Transfer
1556,30,557.2,17.0,0.0,No,Subscribed,Yes,Neutral,Bachelor's,Silver,Home & Garden,North,
1557,29,,9.0,78.61,Yes,Not Subscribed,No,Satisfied,High School,Silver,Clothing,West,Credit Card
1558,30,276.1,17.0,18.94,Yes,Subscribed,No,Neutral,Master's,Silver,Clothing,East,Credit Card
1559,40,1094.7,39.0,107.41,No,Not Subscribed,Yes,Satisfied,Master's,Bronze,Clothing,East,Debit Card
1560,30,379.9,0.0,30.83,No,Subscribed,No,Very Satisfied,High School,Bronze,Electronics,South,Debit Card
1561,38,441.3,27.0,53.38,No,Subscribed,No,Very Satisfied,,Bronze,Sports,West,Debit Card
1562,60,285.5,29.0,138.69,No,Not Subscribed,Yes,Neutral,PhD,Silver,,North,PayPal
1563,45,104.4,30.0,17.9,Yes,Subscribed,No,Satisfied,Master's,Platinum,Books,West,Credit Card
1564,31,759.8,8.0,0.0,No,Subscribed,Yes,Satisfied,Master's,Bronze,Clothing,North,Credit Card
1565,49,695.5,38.0,112.73,Yes,Not Subscribed,No,Very Satisfied,Master's,Bronze,Home & Garden,North,Credit Card
1566,30,377.6,3.0,0.0,No,Subscribed,Yes,Very Satisfied,Bachelor's,Bronze,Books,South,Debit Card
1567,18,465.3,7.0,96.45,No,Not Subscribed,No,Neutral,Bachelor's,Silver,Home & Garden,South,Credit Card
1568,23,609.2,63.0,0.0,No,Subscribed,No,Satisfied,Bachelor's,Silver,Sports,Central,PayPal
1569,18,175.0,40.0,0.0,No,Subscribed,No,Neutral,High School,Silver,Sports,North,PayPal
1570,31,325.4,0.0,30.19,Yes,Subscribed,No,Very Dissatisfied,Bachelor's,Bronze,Clothing,North,PayPal
1571,35,719.9,9.0,22.92,No,Subscribed,No,Very Dissatisfied,Bachelor's,Silver,Home & Garden,East,Gift Card
1572,55,210.6,7.0,71.16,No,Not Subscribed,Yes,Satisfied,Bachelor's,Silver,Electronics,East,Credit Card
1573,39,533.1,9.0,0.36,No,Not Subscribed,No,Satisfied,Bachelor's,Bronze,,North,Debit Card
1574,32,198.1,9.0,0.0,No,Subscribed,No,Very Dissatisfied,Bachelor's,Bronze,Electronics,North,Credit Card
1575,45,591.4,2.0,20.41,No,Subscribed,No,Satisfied,High School,Bronze,Home & Garden,Central,Credit Card
1576,18,437.6,18.0,138.91,No,Not Subscribed,No,Neutral,High School,Bronze,Clothing,West,PayPal
1577,38,169.6,40.0,0.0,Yes,Subscribed,No,Satisfied,High School,Silver,Clothing,South,Credit Card
1578,44,899.1,28.0,69.49,No,Subscribed,No,Neutral,High School,Bronze,Clothing,East,Debit Card
1579,18,287.7,34.0,128.89,Yes,Subscribed,No,Neutral,PhD,Silver,Books,South,PayPal
1580,49,274.9,3.0,0.0,No,Subscribed,Yes,Satisfied,High School,Bronze,Electronics,South,Credit Card
1581,39,504.2,91.0,0.0,No,Not Subscribed,Yes,Neutral,High School,Bronze,Electronics,West,Credit Card
1582,30,890.5,55.0,0.0,No,Not Subscribed,Yes,,Bachelor's,Bronze,Electronics,Central,PayPal
1583,43,243.0,49.0,0.0,No,Subscribed,No,Neutral,Bachelor's,Bronze,Books,North,Debit Card
1584,62,463.9,52.0,0.0,No,Subscribed,Yes,Satisfied,High School,Bronze,Books,West,PayPal
1585,37,578.2,81.0,41.82,Yes,Subscribed,Yes,Neutral,Master's,Bronze,Home & Garden,North,PayPal
1586,38,677.5,24.0,116.03,No,Subscribed,No,Satisfied,Master's,Bronze,Sports,South,Debit Card
1587,29,496.9,,45.32,No,Subscribed,Yes,Satisfied,High School,Bronze,Electronics,North,PayPal
1588,25,358.7,29.0,35.1,No,Not Subscribed,No,Dissatisfied,High School,Bronze,Books,North,Credit Card
1589,45,272.1,41.0,211.82,Yes,Subscribed,Yes,Satisfied,Master's,Bronze,Electronics,Central,PayPal
1590,25,470.7,40.0,0.0,No,Subscribed,Yes,Dissatisfied,Master's,Bronze,Electronics,East,PayPal
1591,36,234.9,22.0,52.05,No,Subscribed,No,Satisfied,Bachelor's,Gold,Electronics,North,Debit Card
1592,29,77.5,2.0,0.0,No,Subscribed,No,Neutral,High School,Bronze,Home & Garden,Central,PayPal
1593,41,580.9,14.0,0.0,No,Subscribed,No,Satisfied,Bachelor's,Silver,Sports,Central,Bank Transfer
1594,39,768.9,76.0,0.0,No,Not Subscribed,Yes,Satisfied,Bachelor's,Bronze,Clothing,West,Credit Card
1595,47,108.3,26.0,0.0,No,Subscribed,No,Very Satisfied,High School,Silver,Books,Central,Bank Transfer
1596,29,243.9,23.0,66.78,No,Not Subscribed,Yes,Satisfied,Bachelor's,Bronze,Clothing,South,PayPal
1597,32,648.1,9.0,324.72,Yes,Subscribed,Yes,Satisfied,Bachelor's,Gold,Electronics,West,Debit Card
1598,23,1536.2,14.0,83.51,Yes,Subscribed,Yes,Satisfied,Bachelor's,Bronze,Clothing,West,Credit Card
1599,30,452.6,68.0,0.0,No,Subscribed,Yes,Very Satisfied,Master's,Silver,Home & Garden,Central,Credit Card
1600,40,288.8,33.0,12.83,Yes,Subscribed,Yes,Satisfied,Master's,Bronze,Sports,West,Debit Card
1601,44,400.6,46.0,84.47,No,Subscribed,Yes,,Bachelor's,Bronze,Clothing,South,Debit Card
1602,24,1020.0,18.0,147.91,No,Subscribed,No,Very Satisfied,Master's,Silver,Home & Garden,West,Credit Card
1603,45,303.4,30.0,136.47,Yes,Not Subscribed,Yes,Satisfied,High School,Bronze,Clothing,South,
1604,51,276.7,9.0,0.0,No,Not Subscribed,Yes,Very Satisfied,Master's,Bronze,Home & Garden,South,Credit Card
1605,40,334.6,37.0,0.0,No,Subscribed,Yes,Very Satisfied,High School,Bronze,Books,North,Bank Transfer
1606,58,252.3,17.0,0.0,No,Subscribed,No,Neutral,High School,Silver,Electronics,Central,Gift Card
1607,26,481.2,18.0,131.69,No,Subscribed,Yes,Satisfied,Bachelor's,Gold,Sports,South,Credit Card
1608,20,1184.9,31.0,0.0,No,Subscribed,No,Neutral,Bachelor's,Bronze,Home & Garden,East,Gift Card
1609,18,542.6,83.0,0.0,No,Subscribed,No,Neutral,Master's,Silver,Clothing,South,Gift Card
1610,53,384.2,2.0,106.74,No,Not Subscribed,Yes,Neutral,,Bronze,Books,Central,Credit Card
1611,43,375.2,52.0,78.42,No,Subscribed,No,Satisfied,High School,Bronze,Clothing,South,Debit Card
1612,34,175.0,10.0,0.0,Yes,Subscribed,Yes,Neutral,Bachelor's,Gold,Clothing,West,PayPal
1613,38,,18.0,0.0,Yes,Subscribed,No,Very Dissatisfied,Bachelor's,Silver,Electronics,Central,Debit Card
1614,21,426.6,1.0,0.0,No,Subscribed,Yes,,Bachelor's,Silver,Electronics,East,Credit Card
1615,64,401.1,11.0,45.89,Yes,Not Subscribed,Yes,Neutral,Bachelor's,Bronze,Sports,South,Credit Card
1616,37,3036.5,21.0,129.27,Yes,Subscribed,Yes,Dissatisfied,Master's,Bronze,Home & Garden,West,PayPal
1617,36,534.8,2.0,100.21,No,Subscribed,No,,Master's,Bronze,Books,Central,Credit Card
1618,44,284.7,20.0,0.0,Yes,Not Subscribed,Yes,Neutral,PhD,Bronze,Electronics,West,Debit Card
1619,41,346.1,79.0,0.0,No,Subscribed,Yes,Satisfied,High School,Bronze,,South,Credit Card
1620,38,890.4,3.0,0.0,No,Not Subscribed,No,Very Dissatisfied,Bachelor's,Silver,Electronics,Central,PayPal
1621,26,478.4,43.0,0.24,No,Subscribed,No,Very Satisfied,Bachelor's,Silver,Clothing,South,Gift Card
1622,41,188.6,16.0,0.0,No,Subscribed,No,Satisfied,Bachelor's,Bronze,Books,East,PayPal
1623,58,776.0,32.0,106.76,Yes,Not Subscribed,Yes,Neutral,Bachelor's,Bronze,Home & Garden,West,PayPal
1624,51,,9.0,0.0,No,Subscribed,No,Neutral,PhD,Silver,Clothing,North,Bank Transfer
1625,54,1375.5,5.0,103.83,No,Subscribed,No,Satisfied,Bachelor's,Bronze,Sports,West,Gift Card
1626,29,854.6,5.0,128.01,No,Subscribed,Yes,Satisfied,PhD,Silver,Sports,East,Credit Card
1627,23,341.8,2.0,230.89,No,Subscribed,No,Dissatisfied,Master's,Bronze,Electronics,Central,PayPal
1628,33,,6.0,95.84,No,Not Subscribed,Yes,Neutral,Master's,Bronze,Sports,North,Bank Transfer
1629,36,,33.0,75.09,No,Not Subscribed,No,Very Satisfied,Master's,Platinum,Clothing,East,Credit Card
1630,48,745.6,64.0,0.0,Yes,Not Subscribed,Yes,Neutral,Bachelor's,Bronze,,West,Credit Card
1631,18,597.9,50.0,0.0,No,Not Subscribed,No,Neutral,High School,Bronze,Electronics,North,Credit Card
1632,53,269.0,35.0,98.68,No,Subscribed,Yes,Very Satisfied,Bachelor's,Bronze,Clothing,North,
1633,33,303.8,4.0,19.61,Yes,Subscribed,No,Satisfied,High School,Gold,Clothing,Central,Debit Card
1634,30,829.3,10.0,204.22,No,Subscribed,Yes,Neutral,Bachelor's,Silver,Clothing,South,Debit Card
1635,23,365.7,11.0,0.0,Yes,Subscribed,No,Satisfied,Bachelor's,Bronze,Electronics,Central,Bank Transfer
1636,18,350.9,9.0,70.99,No,Subscribed,No,Very Dissatisfied,Bachelor's,Bronze,Sports,North,Debit Card
1637,45,252.0,22.0,194.1,No,Not Subscribed,Yes,Satisfied,,Silver,Books,South,Credit Card
1638,36,576.4,23.0,98.77,Yes,Subscribed,No,Satisfied,Master's,Bronze,Sports,West,Credit Card
1639,20,1540.9,13.0,70.75,No,Subscribed,No,Very Satisfied,High School,Silver,Clothing,West,Bank Transfer
1640,19,235.6,13.0,22.29,Yes,Subscribed,Yes,Very Satisfied,Bachelor's,Bronze,,East,Credit Card
1641,31,453.6,53.0,0.0,No,Not Subscribed,Yes,Very Satisfied,Bachelor's,Bronze,Electronics,East,Credit Card
1642,55,1043.1,47.0,248.3,Yes,Not Subscribed,No,Very Satisfied,Bachelor's,Silver,Electronics,West,Gift Card
1643,32,426.2,11.0,0.0,No,Not Subscribed,Yes,Satisfied,Master's,Bronze,Home & Garden,South,PayPal
1644,18,,74.0,127.97,No,Subscribed,Yes,Neutral,Bachelor's,Silver,Home & Garden,East,Credit Card
1645,32,236.3,92.0,0.0,No,Not Subscribed,Yes,Satisfied,Bachelor's,Bronze,,North,Gift Card
1646,32,578.0,12.0,0.0,No,Subscribed,Yes,Satisfied,Master's,Bronze,Home & Garden,East,Bank Transfer
1647,18,,13.0,182.13,No,Not Subscribed,Yes,Very Satisfied,Master's,Platinum,Clothing,South,Credit Card
1648,34,807.6,21.0,0.0,No,Subscribed,Yes,Neutral,High School,Bronze,Clothing,South,Gift Card
1649,32,911.4,85.0,157.72,No,Subscribed,No,Very Satisfied,Bachelor's,Silver,Home & Garden,East,Credit Card
1650,43,2114.0,63.0,97.53,No,Subscribed,No,,Bachelor's,Bronze,Clothing,North,PayPal
1651,57,,3.0,0.0,No,Not Subscribed,Yes,Very Satisfied,High School,Silver,Electronics,North,Gift Card
1652,49,543.5,15.0,141.6,Yes,Subscribed,No,,High School,Silver,Clothing,West,Bank Transfer
1653,32,502.3,24.0,5.8,No,Not Subscribed,No,,,Bronze,Clothing,East,Credit Card
1654,22,361.7,21.0,83.42,Yes,Subscribed,No,Dissatisfied,Bachelor's,Silver,Electronics,Central,Credit Card
1655,66,547.7,,17.62,No,Subscribed,Yes,Dissatisfied,High School,Silver,Sports,West,Credit Card
1656,36,374.4,59.0,0.0,No,Subscribed,Yes,Neutral,Bachelor's,Bronze,Sports,North,PayPal
1657,35,494.6,34.0,28.86,No,Subscribed,No,Satisfied,Master's,Bronze,Electronics,West,Credit Card
1658,35,985.5,55.0,295.49,Yes,Subscribed,No,Very Satisfied,High School,Bronze,Electronics,North,PayPal
1659,37,244.4,59.0,71.78,Yes,Subscribed,No,Very Satisfied,High School,Bronze,Home & Garden,West,Credit Card
1660,33,885.8,41.0,70.24,No,Not Subscribed,No,Satisfied,Master's,Bronze,Electronics,Central,PayPal
1661,28,985.2,17.0,129.25,No,Subscribed,Yes,Very Dissatisfied,High School,Bronze,Clothing,East,Credit Card
1662,28,416.4,28.0,28.56,No,Not Subscribed,No,Neutral,Master's,Bronze,Electronics,West,Debit Card
1663,35,125.1,5.0,24.05,No,Subscribed,Yes,Dissatisfied,Bachelor's,Silver,Electronics,South,Credit Card
1664,28,310.4,34.0,0.0,No,Not Subscribed,Yes,Neutral,Bachelor's,Bronze,Sports,East,Credit Card
1665,26,973.4,,107.3,No,Subscribed,No,Satisfied,High School,Gold,Sports,Central,Gift Card
1666,36,440.9,36.0,122.38,Yes,Subscribed,Yes,Very Dissatisfied,,Bronze,Electronics,North,Debit Card
1667,32,245.4,8.0,0.0,No,Subscribed,No,Neutral,High School,Bronze,Clothing,South,Credit Card
1668,53,330.2,4.0,183.66,Yes,Subscribed,No,Neutral,High School,Silver,Electronics,East,Credit Card
1669,18,740.2,5.0,2.54,No,Not Subscribed,Yes,Satisfied,Bachelor's,Bronze,Electronics,West,Debit Card
1670,48,620.6,0.0,0.0,Yes,Subscribed,No,Satisfied,,Bronze,Books,South,Credit Card
1671,50,387.3,38.0,141.01,No,Subscribed,No,Satisfied,Bachelor's,Bronze,Home & Garden,Central,Debit Card
1672,18,358.7,40.0,0.0,Yes,Not Subscribed,No,Satisfied,Bachelor's,Bronze,Clothing,North,PayPal
1673,31,353.4,22.0,94.71,Yes,Subscribed,Yes,Very Satisfied,High School,Bronze,Sports,South,Credit Card
1674,31,257.0,5.0,0.0,No,Not Subscribed,Yes,Neutral,High School,Platinum,Sports,West,PayPal
1675,18,1178.3,3.0,153.93,Yes,Subscribed,Yes,Satisfied,,Bronze,Sports,South,Debit Card
1676,26,368.4,1.0,94.81,Yes,Not Subscribed,Yes,,High School,Silver,Electronics,West,Gift Card
1677,22,927.9,5.0,114.12,No,Subscribed,Yes,Satisfied,Bachelor's,Silver,Electronics,North,Credit Card
1678,56,1113.6,66.0,0.0,Yes,Subscribed,No,Very Satisfied,Bachelor's,Bronze,Home & Garden,North,PayPal
1679,46,813.7,8.0,0.0,Yes,Subscribed,Yes,Neutral,Master's,Bronze,Clothing,North,Credit Card
1680,50,345.0,13.0,127.35,No,Not Subscribed,No,Satisfied,,Silver,Books,Central,PayPal
1681,44,569.5,3.0,29.65,No,Subscribed,Yes,Dissatisfied,,Silver,Home & Garden,East,Gift Card
1682,21,440.6,8.0,0.0,No,Subscribed,No,Satisfied,Bachelor's,Bronze,Books,West,Credit Card
1683,29,259.9,22.0,0.0,No,,No,Neutral,Bachelor's,Bronze,Electronics,South,Bank Transfer
1684,41,543.0,28.0,0.0,No,Not Subscribed,Yes,Neutral,High School,Bronze,Sports,East,PayPal
1685,20,220.3,8.0,0.0,Yes,Not Subscribed,Yes,Satisfied,High School,Bronze,Clothing,East,Bank Transfer
1686,44,911.6,2.0,115.3,No,Not Subscribed,No,Satisfied,Bachelor's,Bronze,Books,Central,Debit Card
1687,32,338.3,15.0,0.0,No,Subscribed,No,Dissatisfied,Bachelor's,Silver,Electronics,West,Credit Card
1688,31,504.4,8.0,0.0,No,Subscribed,No,Satisfied,Bachelor's,Bronze,Clothing,West,Credit Card
1689,44,529.8,7.0,2.7,No,Not Subscribed,Yes,Satisfied,Bachelor's,Silver,Sports,North,Credit Card
1690,40,382.7,96.0,81.29,Yes,Not Subscribed,Yes,,Bachelor's,Silver,Clothing,East,Credit Card
1691,31,635.6,29.0,278.15,No,Subscribed,No,Satisfied,Bachelor's,Bronze,Clothing,East,PayPal
1692,49,336.2,24.0,0.0,No,Subscribed,No,Satisfied,Bachelor's,Bronze,Books,Central,PayPal
1693,22,754.0,16.0,194.8,No,Not Subscribed,No,Satisfied,Bachelor's,Silver,Clothing,South,Bank Transfer
1694,42,199.3,17.0,110.35,Yes,Subscribed,No,Neutral,Bachelor's,Silver,Home & Garden,South,PayPal
1695,42,482.2,,0.0,Yes,Subscribed,No,Neutral,Bachelor's,Silver,Electronics,South,Debit Card
1696,31,1430.7,36.0,125.6,Yes,Subscribed,Yes,Satisfied,Bachelor's,Bronze,Sports,South,Bank Transfer
1697,39,245.3,36.0,0.0,No,Subscribed,Yes,Very Satisfied,Master's,Bronze,Home & Garden,North,Gift Card
1698,20,297.7,6.0,60.5,Yes,Not Subscribed,Yes,Satisfied,Bachelor's,Bronze,Clothing,Central,Credit Card
1699,46,608.5,21.0,178.37,Yes,Subscribed,No,Dissatisfied,Bachelor's,Bronze,Electronics,East,PayPal
1700,33,497.9,16.0,73.94,No,,Yes,Satisfied,Master's,Silver,Home & Garden,Central,Credit Card
1701,29,551.7,61.0,101.53,Yes,Subscribed,Yes,Very Satisfied,Bachelor's,Bronze,Electronics,West,Credit Card
1702,48,599.5,30.0,44.32,No,Subscribed,No,,High School,Silver,Electronics,South,Credit Card
1703,27,654.2,23.0,0.0,No,Not Subscribed,No,,Master's,Bronze,Home & Garden,East,Debit Card
1704,18,869.9,4.0,0.0,No,Subscribed,No,Very Satisfied,High School,Silver,Electronics,North,PayPal
1705,18,571.6,28.0,153.53,No,Subscribed,No,Dissatisfied,Bachelor's,Gold,Electronics,Central,PayPal
1706,42,386.8,4.0,0.0,No,Subscribed,Yes,Very Satisfied,Master's,Bronze,Home & Garden,South,
1707,20,669.2,12.0,0.0,No,Subscribed,No,Neutral,PhD,Gold,Electronics,South,Credit Card
1708,56,1397.6,5.0,155.37,Yes,Subscribed,No,Very Satisfied,High School,Bronze,Clothing,South,
1709,18,412.8,35.0,0.0,Yes,Not Subscribed,No,Satisfied,Bachelor's,Bronze,,East,Debit Card
1710,55,,7.0,0.0,Yes,Not Subscribed,Yes,Satisfied,Bachelor's,Silver,Home & Garden,South,Credit Card
1711,38,868.6,15.0,9.46,No,Not Subscribed,Yes,Satisfied,Bachelor's,Gold,Home & Garden,South,
1712,34,415.9,68.0,0.0,No,Subscribed,No,Satisfied,High School,Bronze,Home & Garden,West,Credit Card
1713,28,121.4,7.0,0.0,No,Subscribed,No,Very Dissatisfied,Bachelor's,Bronze,Clothing,West,Gift Card
1714,40,743.3,21.0,169.69,No,Subscribed,No,Satisfied,Bachelor's,Silver,Electronics,South,Credit Card
1715,35,324.2,16.0,0.0,Yes,Subscribed,No,Neutral,High School,Silver,Electronics,East,Credit Card
1716,48,423.4,1.0,0.0,No,Subscribed,No,Neutral,Bachelor's,Bronze,,Central,PayPal
1717,36,545.5,47.0,0.0,No,Subscribed,No,Neutral,Bachelor's,Silver,Books,North,Credit Card
1718,37,501.1,2.0,109.22,Yes,Not Subscribed,No,Satisfied,Master's,Bronze,Electronics,Central,Credit Card
1719,31,684.2,19.0,49.24,No,Subscribed,Yes,Neutral,Master's,Bronze,Clothing,South,PayPal
1720,34,344.2,25.0,0.0,Yes,Subscribed,No,Dissatisfied,Bachelor's,Bronze,Electronics,West,Credit Card
1721,39,608.2,30.0,79.8,No,Not Subscribed,No,Dissatisfied,PhD,Bronze,,East,PayPal
1722,18,382.5,35.0,0.0,No,Subscribed,Yes,Very Dissatisfied,Master's,Gold,Home & Garden,East,PayPal
1723,19,696.4,9.0,119.69,Yes,Not Subscribed,Yes,Satisfied,High School,Bronze,Home & Garden,Central,PayPal
1724,44,646.7,0.0,131.23,No,Not Subscribed,Yes,Very Satisfied,High School,Gold,Sports,North,Debit Card
1725,37,255.0,39.0,0.0,No,Not Subscribed,No,,Bachelor's,Bronze,Clothing,South,Credit Card
1726,33,857.6,23.0,166.49,No,Subscribed,Yes,Very Satisfied,Bachelor's,Silver,Electronics,East,Credit Card
1727,35,324.1,54.0,0.0,No,Not Subscribed,No,Satisfied,Bachelor's,Silver,Clothing,West,Debit Card
1728,39,725.9,52.0,179.17,Yes,Subscribed,Yes,Satisfied,Bachelor's,Silver,Home & Garden,South,Gift Card
1729,29,557.2,56.0,52.34,No,Not Subscribed,Yes,Satisfied,Bachelor's,Silver,Home & Garden,West,
1730,26,1346.8,20.0,43.56,No,Subscribed,No,Very Satisfied,Bachelor's,Bronze,,South,
1731,37,390.9,12.0,8.86,No,Subscribed,Yes,Dissatisfied,High School,Silver,Home & Garden,North,PayPal
1732,23,362.5,47.0,12.78,Yes,Subscribed,No,Satisfied,Master's,Silver,Home & Garden,West,PayPal
1733,40,,18.0,136.51,No,Subscribed,No,Satisfied,Bachelor's,Bronze,Sports,North,Debit Card
1734,18,372.7,6.0,0.0,No,Not Subscribed,No,Satisfied,PhD,Silver,Home & Garden,East,Credit Card
1735,47,722.4,58.0,0.0,Yes,Not Subscribed,Yes,Very Satisfied,High School,Bronze,Sports,North,Debit Card
1736,41,169.5,64.0,106.72,No,Not Subscribed,No,Dissatisfied,PhD,Bronze,Electronics,South,Credit Card
1737,38,237.5,19.0,0.0,Yes,Subscribed,No,Satisfied,High School,Silver,Home & Garden,West,PayPal
1738,47,235.5,,112.03,No,Not Subscribed,No,Satisfied,High School,Bronze,Books,East,Debit Card
1739,55,790.6,15.0,274.36,Yes,Subscribed,No,Neutral,High School,Silver,Clothing,South,PayPal
1740,47,1247.6,49.0,73.07,No,Not Subscribed,No,Neutral,Bachelor's,Bronze,Sports,East,Credit Card
1741,18,419.9,70.0,92.64,No,Not Subscribed,No,Satisfied,Master's,Bronze,,South,Bank Transfer
1742,20,404.0,7.0,0.0,No,Subscribed,No,Very Satisfied,Bachelor's,Bronze,Electronics,East,Gift Card
1743,28,466.2,2.0,115.4,No,Not Subscribed,Yes,Satisfied,Master's,Bronze,Home & Garden,Central,Debit Card
1744,35,897.6,63.0,38.88,No,Subscribed,Yes,Very Satisfied,Bachelor's,Silver,Electronics,Central,PayPal
1745,41,,15.0,70.17,No,Subscribed,Yes,Satisfied,Bachelor's,Bronze,Books,North,Credit Card
1746,26,515.7,23.0,6.16,Yes,Subscribed,Yes,,Master's,Bronze,Sports,North,Bank Transfer
1747,37,802.5,103.0,0.0,Yes,Subscribed,Yes,Dissatisfied,High School,Bronze,Electronics,Central,PayPal
1748,26,603.8,2.0,81.41,No,Not Subscribed,Yes,Dissatisfied,Bachelor's,Bronze,Electronics,East,Gift Card
1749,28,500.9,31.0,0.0,Yes,Subscribed,No,Neutral,Master's,Silver,Home & Garden,East,Credit Card
1750,18,815.0,2.0,0.0,No,Subscribed,Yes,,Master's,Bronze,Clothing,West,Credit Card
1751,24,88.3,14.0,100.35,No,Subscribed,No,Satisfied,PhD,Silver,Electronics,South,Bank Transfer
1752,19,671.4,49.0,81.9,Yes,Not Subscribed,Yes,Satisfied,Master's,Gold,Clothing,East,PayPal
1753,23,301.9,17.0,201.26,No,Not Subscribed,Yes,Dissatisfied,High School,Silver,Clothing,Central,Credit Card
1754,48,149.0,176.0,123.6,No,Not Subscribed,Yes,Neutral,Master's,Silver,Electronics,West,Credit Card
1755,24,607.5,25.0,4.91,No,Not Subscribed,Yes,Neutral,Bachelor's,Bronze,Sports,North,PayPal
1756,67,1019.2,12.0,96.63,No,Subscribed,No,Satisfied,PhD,Bronze,Books,North,Credit Card
1757,41,411.6,7.0,47.12,No,Subscribed,No,Dissatisfied,Bachelor's,Silver,Sports,South,PayPal
1758,37,791.8,13.0,0.0,Yes,Subscribed,Yes,Dissatisfied,Bachelor's,Silver,Sports,West,PayPal
1759,25,,14.0,0.0,No,Subscribed,No,Very Satisfied,Bachelor's,Silver,Electronics,South,Debit Card
1760,43,983.9,2.0,40.56,No,Not Subscribed,No,Very Satisfied,Bachelor's,Silver,Clothing,North,Credit Card
1761,28,1195.8,14.0,0.0,No,Subscribed,No,Neutral,High School,Bronze,Electronics,Central,Bank Transfer
1762,36,697.8,19.0,88.27,Yes,Not Subscribed,No,Satisfied,Master's,Bronze,Sports,North,Credit Card
1763,66,467.7,38.0,0.0,Yes,Subscribed,No,Neutral,Master's,Silver,Books,North,PayPal
1764,34,,32.0,0.0,No,Subscribed,No,Satisfied,High School,Silver,Home & Garden,South,Credit Card
1765,49,385.7,37.0,50.99,No,Subscribed,No,Satisfied,Master's,Bronze,Sports,South,Debit Card
1766,27,269.5,0.0,107.3,No,Not Subscribed,Yes,Dissatisfied,Bachelor's,Silver,Home & Garden,East,Bank Transfer
1767,35,1644.4,7.0,262.67,No,Not Subscribed,Yes,Satisfied,Bachelor's,Bronze,Clothing,Central,Debit Card
1768,56,402.2,33.0,0.0,No,Not Subscribed,No,Neutral,High School,Bronze,Clothing,Central,PayPal
1769,27,481.3,20.0,112.61,No,Subscribed,No,Neutral,Master's,Silver,Electronics,East,PayPal
1770,57,622.3,0.0,77.75,Yes,Not Subscribed,No,Neutral,,Silver,Electronics,South,Debit Card
1771,43,458.9,49.0,61.38,Yes,Subscribed,No,,Bachelor's,Bronze,Home & Garden,East,Bank Transfer
1772,28,1236.0,44.0,19.24,Yes,,Yes,Neutral,Bachelor's,Bronze,Clothing,South,Bank Transfer
1773,43,307.7,24.0,55.75,No,Not Subscribed,No,Neutral,High School,Bronze,Home & Garden,North,Credit Card
1774,47,502.4,2.0,190.4,No,Subscribed,No,Neutral,Bachelor's,Silver,Home & Garden,Central,Bank Transfer
1775,42,286.3,44.0,0.0,No,Not Subscribed,Yes,Very Dissatisfied,High School,Bronze,Clothing,North,Credit Card
1776,18,202.5,26.0,225.46,No,Subscribed,No,Satisfied,High School,Silver,Clothing,North,Credit Card
1777,26,309.7,46.0,0.0,No,Subscribed,No,,Bachelor's,Gold,Clothing,East,
1778,32,,42.0,65.79,No,Not Subscribed,Yes,Very Dissatisfied,Master's,Silver,Clothing,East,Credit Card
1779,34,345.5,49.0,0.0,No,Subscribed,No,Satisfied,Bachelor's,Bronze,Sports,North,Debit Card
1780,42,295.0,22.0,65.86,Yes,Not Subscribed,Yes,Satisfied,High School,Silver,Clothing,North,Gift Card
1781,37,192.2,5.0,0.0,Yes,Subscribed,No,Very Satisfied,Bachelor's,Bronze,Home & Garden,South,Debit Card
1782,19,425.3,33.0,0.0,No,Not Subscribed,Yes,Satisfied,Master's,Bronze,Sports,West,PayPal
1783,40,181.2,29.0,0.0,No,Subscribed,No,Neutral,Bachelor's,Bronze,Sports,South,PayPal
1784,42,705.3,41.0,33.64,No,Subscribed,No,Satisfied,Master's,Bronze,Sports,East,Debit Card
1785,42,469.7,6.0,133.07,No,Subscribed,Yes,Satisfied,Bachelor's,Gold,Clothing,East,Credit Card
1786,48,186.4,7.0,83.27,No,Subscribed,No,Neutral,Master's,Bronze,Electronics,Central,Debit Card
1787,45,371.3,66.0,0.0,Yes,Not Subscribed,No,Very Satisfied,High School,Bronze,Clothing,South,Debit Card
1788,41,284.7,42.0,209.23,Yes,Subscribed,Yes,Dissatisfied,Bachelor's,Gold,Clothing,North,Debit Card
1789,34,541.4,72.0,80.38,Yes,Subscribed,Yes,Very Satisfied,Bachelor's,Bronze,,East,PayPal
1790,18,999.1,43.0,58.56,No,Subscribed,No,Very Satisfied,Bachelor's,Silver,Home & Garden,West,Gift Card
1791,40,145.1,27.0,24.95,Yes,Subscribed,No,,Master's,Bronze,Electronics,North,Credit Card
1792,37,479.0,32.0,36.92,No,,Yes,Very Satisfied,Master's,Bronze,Electronics,East,Credit Card
1793,38,406.1,66.0,0.0,No,Not Subscribed,Yes,Satisfied,High School,Gold,Electronics,North,Debit Card
1794,20,668.7,26.0,31.01,No,Subscribed,Yes,Neutral,High School,Bronze,Home & Garden,North,PayPal
1795,22,508.0,30.0,2.69,Yes,Not Subscribed,No,Satisfied,Bachelor's,Bronze,Home & Garden,East,Gift Card
1796,48,284.7,5.0,0.0,No,Subscribed,Yes,Dissatisfied,High School,Bronze,Sports,South,Credit Card
1797,35,369.1,19.0,0.0,No,Subscribed,No,Neutral,Bachelor's,Bronze,Books,West,Credit Card
1798,43,277.3,38.0,0.0,No,Not Subscribed,No,Satisfied,Master's,Bronze,Electronics,West,Gift Card
1799,35,852.5,9.0,118.56,No,Subscribed,Yes,Neutral,PhD,Bronze,Clothing,East,PayPal
1800,35,452.8,7.0,98.22,Yes,Not Subscribed,No,Neutral,Bachelor's,Bronze,Electronics,South,PayPal
1801,46,1398.7,11.0,227.21,No,Not Subscribed,Yes,Satisfied,Master's,Silver,Clothing,East,Credit Card
1802,29,431.0,8.0,124.4,No,Subscribed,No,Very Satisfied,Bachelor's,Bronze,Books,North,Credit Card
1803,36,292.2,7.0,67.44,No,Not Subscribed,Yes,Very Dissatisfied,High School,Bronze,Home & Garden,Central,Debit Card
1804,29,180.3,17.0,0.0,No,Not Subscribed,No,Neutral,Bachelor's,Bronze,Home & Garden,Central,Credit Card
1805,30,151.5,72.0,94.27,No,Subscribed,No,Neutral,Bachelor's,Gold,Clothing,North,Gift Card
1806,31,172.8,21.0,0.0,Yes,Not Subscribed,Yes,Satisfied,Bachelor's,Gold,Electronics,North,Debit Card
1807,38,524.7,6.0,0.0,No,Subscribed,Yes,,High School,Silver,Electronics,North,Credit Card
1808,29,606.6,2.0,0.0,No,Not Subscribed,Yes,Satisfied,Bachelor's,Silver,,West,Debit Card
1809,50,173.1,36.0,115.08,No,Not Subscribed,Yes,Neutral,Bachelor's,Bronze,Home & Garden,West,PayPal
1810,24,764.8,14.0,168.92,No,Subscribed,No,Neutral,PhD,Bronze,Electronics,West,Credit Card
1811,33,334.5,52.0,78.84,No,Subscribed,No,Very Satisfied,Bachelor's,Silver,Home & Garden,West,Credit Card
1812,30,488.2,32.0,124.71,No,Not Subscribed,No,Very Dissatisfied,Master's,Silver,,East,PayPal
1813,52,1176.1,48.0,0.0,Yes,Subscribed,No,Satisfied,Master's,Bronze,Clothing,West,Debit Card
1814,37,765.6,10.0,107.29,No,Subscribed,No,Very Dissatisfied,High School,Bronze,Home & Garden,West,PayPal
1815,47,380.5,35.0,31.97,No,Subscribed,No,Satisfied,Bachelor's,Platinum,Clothing,East,PayPal
1816,18,261.9,9.0,106.5,No,Subscribed,Yes,Satisfied,Master's,Silver,Home & Garden,East,Debit Card
1817,38,122.9,84.0,0.0,No,Subscribed,Yes,Neutral,Bachelor's,Bronze,,West,Debit Card
1818,46,290.4,30.0,0.0,No,Subscribed,Yes,Dissatisfied,Master's,Silver,Books,East,PayPal
1819,36,393.8,12.0,62.45,Yes,Subscribed,No,Neutral,High School,Bronze,Clothing,West,Debit Card
1820,48,247.2,9.0,105.38,No,Not Subscribed,Yes,Satisfied,High School,Bronze,Clothing,West,Credit Card
1821,29,413.2,6.0,0.0,No,Subscribed,Yes,Satisfied,Master's,Bronze,Electronics,West,Gift Card
1822,52,468.1,36.0,10.66,No,Subscribed,Yes,Satisfied,Master's,Bronze,Electronics,West,PayPal
1823,63,390.6,7.0,0.0,No,Subscribed,No,Satisfied,PhD,Bronze,,East,Debit Card
1824,31,302.7,27.0,0.0,No,Subscribed,Yes,Neutral,Bachelor's,Silver,Books,West,PayPal
1825,30,494.6,9.0,28.53,Yes,Subscribed,Yes,Neutral,Master's,Bronze,Clothing,East,Credit Card
1826,52,582.7,33.0,99.17,No,Subscribed,Yes,Neutral,Master's,Bronze,Electronics,South,PayPal
1827,54,232.4,51.0,45.18,No,Subscribed,Yes,Neutral,Master's,Bronze,Clothing,North,Credit Card
1828,29,1042.3,45.0,0.0,Yes,Not Subscribed,No,Neutral,Bachelor's,Bronze,Clothing,East,Debit Card
1829,30,421.3,43.0,0.0,Yes,Not Subscribed,Yes,Satisfied,Bachelor's,Silver,Clothing,East,PayPal
1830,32,452.1,6.0,0.0,No,Not Subscribed,Yes,Satisfied,Master's,Silver,Electronics,Central,Debit Card
1831,19,683.7,3.0,157.72,Yes,Not Subscribed,No,Very Satisfied,Bachelor's,Gold,,South,Debit Card
1832,24,514.1,36.0,0.0,No,Not Subscribed,Yes,Neutral,Bachelor's,Platinum,Electronics,South,Debit Card
1833,23,791.9,14.0,140.34,Yes,Subscribed,Yes,Satisfied,Bachelor's,Bronze,Clothing,South,Credit Card
1834,26,531.1,17.0,105.19,Yes,Not Subscribed,No,Very Satisfied,Bachelor's,Bronze,Sports,North,Bank Transfer
1835,35,309.6,1.0,0.0,No,Subscribed,Yes,Satisfied,Bachelor's,Silver,Clothing,West,Debit Card
1836,38,555.3,9.0,0.0,No,Not Subscribed,Yes,Neutral,High School,Platinum,Home & Garden,South,Debit Card
1837,54,225.1,1.0,64.96,No,Not Subscribed,Yes,Neutral,Master's,Silver,Home & Garden,West,Credit Card
1838,23,477.1,63.0,0.0,No,Subscribed,No,Very Dissatisfied,Bachelor's,Silver,Home & Garden,West,PayPal
1839,47,438.2,8.0,73.51,No,Subscribed,No,Neutral,Bachelor's,Silver,Clothing,East,Credit Card
1840,32,394.5,24.0,0.0,No,Subscribed,No,Satisfied,High School,Bronze,Clothing,Central,PayPal
1841,34,413.8,1.0,0.0,No,Not Subscribed,No,Very Dissatisfied,High School,Bronze,Sports,East,Credit Card
1842,43,144.5,33.0,0.0,No,Not Subscribed,Yes,Neutral,High School,Silver,,South,PayPal
1843,22,321.6,12.0,34.23,Yes,Not Subscribed,Yes,Satisfied,Bachelor's,Silver,Clothing,Central,PayPal
1844,40,472.6,68.0,0.0,Yes,Subscribed,No,Satisfied,High School,Bronze,Electronics,Central,Credit Card
1845,37,492.0,66.0,0.0,No,Not Subscribed,No,Satisfied,Master's,Bronze,Electronics,North,PayPal
1846,41,241.3,12.0,73.54,No,Subscribed,Yes,Satisfied,High School,Bronze,Electronics,North,Gift Card
1847,38,955.3,69.0,253.41,Yes,Not Subscribed,No,Neutral,High School,Bronze,Home & Garden,North,Credit Card
1848,64,265.8,167.0,6.74,Yes,Subscribed,Yes,Neutral,High School,Gold,Electronics,South,Debit Card
1849,27,799.7,52.0,7.15,Yes,Subscribed,Yes,Neutral,High School,Bronze,Clothing,Central,Credit Card
1850,29,577.6,56.0,62.03,No,Subscribed,Yes,Satisfied,Master's,Bronze,Sports,East,Credit Card
1851,28,303.3,9.0,0.0,No,Not Subscribed,Yes,Very Satisfied,Master's,Bronze,Clothing,South,Credit Card
1852,28,1297.0,26.0,58.34,Yes,Not Subscribed,No,Dissatisfied,Bachelor's,Silver,Sports,Central,Debit Card
1853,27,218.4,2.0,61.14,No,Subscribed,No,Satisfied,High School,Bronze,Home & Garden,East,PayPal
1854,49,775.9,3.0,132.11,No,Subscribed,Yes,Neutral,High School,Bronze,Electronics,South,Gift Card
1855,52,814.8,204.0,0.0,No,Not Subscribed,Yes,Satisfied,Bachelor's,Bronze,Home & Garden,Central,PayPal
1856,28,298.9,12.0,0.0,Yes,Subscribed,No,Very Dissatisfied,PhD,Bronze,Home & Garden,West,Credit Card
1857,25,1030.8,41.0,65.28,No,Not Subscribed,Yes,Neutral,High School,Bronze,Clothing,West,Debit Card
1858,41,384.7,49.0,50.69,No,Subscribed,No,Very Satisfied,Bachelor's,Bronze,Electronics,East,Credit Card
1859,28,531.6,59.0,124.02,No,Subscribed,Yes,Satisfied,Bachelor's,Gold,Clothing,West,Debit Card
1860,43,522.6,181.0,165.33,Yes,Not Subscribed,No,Satisfied,High School,Bronze,Books,North,
1861,37,412.4,8.0,0.0,No,Not Subscribed,Yes,Neutral,Bachelor's,Bronze,Home & Garden,East,Credit Card
1862,18,727.1,1.0,13.98,No,Subscribed,Yes,Neutral,High School,Silver,Electronics,Central,Debit Card
1863,54,719.6,16.0,129.9,No,Subscribed,Yes,Neutral,Master's,Bronze,Home & Garden,South,Bank Transfer
1864,57,,4.0,31.32,Yes,Not Subscribed,Yes,Very Satisfied,High School,Silver,Clothing,West,Credit Card
1865,28,977.7,1.0,228.31,No,Subscribed,Yes,Very Satisfied,Bachelor's,Bronze,Home & Garden,East,Debit Card
1866,30,164.9,13.0,45.34,Yes,Not Subscribed,No,Satisfied,,Bronze,Home & Garden,North,Credit Card
1867,38,830.6,46.0,0.0,No,Subscribed,Yes,Neutral,PhD,Silver,Clothing,West,Debit Card
1868,39,878.8,25.0,0.0,No,Subscribed,Yes,Very Satisfied,High School,Gold,Sports,North,Debit Card
1869,43,232.3,11.0,0.0,No,Not Subscribed,No,Satisfied,Master's,Bronze,Home & Garden,West,Credit Card
1870,59,349.4,32.0,70.87,No,Not Subscribed,No,Satisfied,Master's,Bronze,,North,Credit Card
1871,33,230.2,8.0,131.97,No,Subscribed,No,Neutral,PhD,Bronze,Electronics,Central,Credit Card
1872,25,392.9,0.0,198.61,No,Not Subscribed,No,Satisfied,Bachelor's,Gold,Sports,South,
1873,18,371.6,43.0,93.15,No,Subscribed,No,Satisfied,Bachelor's,Gold,Books,South,Credit Card
1874,26,713.6,29.0,219.0,Yes,Subscribed,No,Very Satisfied,Bachelor's,Bronze,Electronics,North,PayPal
1875,35,981.2,43.0,34.14,No,Not Subscribed,No,Satisfied,High School,Bronze,Clothing,Central,Bank Transfer
1876,57,1032.8,1.0,0.04,No,Not Subscribed,No,Neutral,Bachelor's,Bronze,Clothing,West,Credit Card
1877,29,319.0,54.0,102.28,No,Not Subscribed,Yes,Satisfied,High School,Bronze,Sports,West,PayPal
1878,38,394.3,29.0,67.41,No,Subscribed,Yes,Very Satisfied,PhD,Bronze,Home & Garden,East,PayPal
1879,35,162.8,25.0,17.77,No,Subscribed,Yes,Neutral,High School,Bronze,Electronics,East,Gift Card
1880,49,275.6,29.0,45.23,No,Subscribed,No,Neutral,Bachelor's,Silver,Sports,North,PayPal
1881,65,,60.0,60.28,No,Subscribed,No,Very Dissatisfied,Bachelor's,Gold,Electronics,East,PayPal
1882,29,1178.4,27.0,271.74,No,Not Subscribed,No,Satisfied,Bachelor's,Platinum,Sports,South,PayPal
1883,29,213.1,26.0,151.84,No,Subscribed,Yes,Neutral,Bachelor's,Bronze,Clothing,Central,Credit Card
1884,48,313.3,140.0,81.54,No,Not Subscribed,No,Satisfied,High School,Bronze,Clothing,West,Credit Card
1885,43,440.0,42.0,118.25,Yes,Subscribed,No,Neutral,Bachelor's,Silver,Electronics,South,PayPal
1886,57,528.8,18.0,124.98,Yes,Subscribed,Yes,Very Satisfied,High School,Bronze,,North,Credit Card
1887,42,275.0,37.0,0.0,No,,No,Neutral,Master's,Silver,Home & Garden,West,PayPal
1888,31,576.5,15.0,104.07,No,Subscribed,Yes,Neutral,Master's,Bronze,Home & Garden,North,Credit Card
1889,42,,8.0,0.0,No,Subscribed,No,Satisfied,PhD,Bronze,Electronics,North,PayPal
1890,48,443.2,27.0,158.37,No,Not Subscribed,No,Satisfied,High School,Bronze,Electronics,South,Credit Card
1891,45,620.4,79.0,0.0,Yes,Subscribed,No,Neutral,High School,Bronze,Electronics,East,Bank Transfer
1892,41,448.7,79.0,48.19,No,Not Subscribed,No,,High School,Silver,Home & Garden,West,Gift Card
1893,48,344.0,13.0,0.0,Yes,Subscribed,No,Neutral,High School,Bronze,Home & Garden,South,Credit Card
1894,49,418.6,23.0,108.2,Yes,Not Subscribed,No,Satisfied,High School,Bronze,,North,Credit Card
1895,52,423.9,7.0,14.18,No,Subscribed,Yes,Satisfied,Bachelor's,Bronze,Home & Garden,East,PayPal
1896,43,358.0,163.0,0.0,Yes,Not Subscribed,No,Satisfied,High School,Silver,Electronics,West,Credit Card
1897,33,382.7,119.0,67.85,No,Subscribed,Yes,Satisfied,Bachelor's,Bronze,Books,South,Credit Card
1898,37,1166.5,31.0,113.63,No,Not Subscribed,Yes,Satisfied,Master's,Bronze,Books,South,Credit Card
1899,49,625.9,49.0,110.22,No,Not Subscribed,No,,Bachelor's,Bronze,Home & Garden,Central,Gift Card
1900,25,374.4,38.0,45.77,Yes,Subscribed,No,Very Satisfied,Bachelor's,Bronze,Books,Central,Gift Card
1901,39,679.1,27.0,78.11,No,Subscribed,Yes,Very Satisfied,Bachelor's,Bronze,Sports,Central,PayPal
1902,30,365.9,2.0,0.0,Yes,Subscribed,Yes,Neutral,Bachelor's,Silver,,West,PayPal
1903,35,,18.0,3.24,No,Not Subscribed,Yes,Neutral,High School,Bronze,Home & Garden,North,Bank Transfer
1904,50,558.0,34.0,4.9,No,Subscribed,Yes,Dissatisfied,Bachelor's,Bronze,Clothing,South,Bank Transfer
1905,37,419.1,34.0,138.71,No,Subscribed,Yes,Dissatisfied,Bachelor's,Silver,Electronics,South,Bank Transfer
1906,36,584.8,14.0,239.42,Yes,Subscribed,No,Satisfied,Master's,Bronze,Clothing,South,Credit Card
1907,19,174.2,85.0,0.0,No,Subscribed,Yes,Satisfied,Master's,Bronze,Home & Garden,Central,Credit Card
1908,44,227.4,5.0,111.86,No,Not Subscribed,No,,Bachelor's,Bronze,Electronics,West,Debit Card
1909,43,218.4,21.0,0.0,Yes,Subscribed,Yes,Satisfied,Bachelor's,Bronze,Clothing,West,PayPal
1910,61,487.0,35.0,0.0,No,Not Subscribed,No,Satisfied,High School,Silver,Clothing,North,Credit Card
1911,31,1264.1,36.0,0.0,No,Not Subscribed,Yes,Satisfied,Master's,Silver,Electronics,Central,Credit Card
1912,38,1705.1,31.0,12.76,Yes,Subscribed,Yes,,Bachelor's,Silver,Home & Garden,West,Gift Card
1913,38,655.5,10.0,0.0,Yes,Not Subscribed,Yes,Neutral,High School,Silver,Books,North,Gift Card
1914,54,603.7,5.0,91.25,No,Subscribed,No,Satisfied,High School,Bronze,Home & Garden,Central,Credit Card
1915,34,151.7,30.0,1.27,Yes,Not Subscribed,No,Very Dissatisfied,High School,Bronze,Home & Garden,South,Gift Card
1916,38,322.8,27.0,47.28,Yes,Subscribed,Yes,,Master's,Bronze,Home & Garden,North,PayPal
1917,42,278.6,6.0,98.18,No,Not Subscribed,Yes,Very Satisfied,High School,Bronze,Clothing,West,Debit Card
1918,37,,37.0,46.72,No,Subscribed,Yes,Satisfied,Bachelor's,Platinum,Electronics,West,PayPal
1919,30,404.1,18.0,77.34,No,Subscribed,No,Neutral,Bachelor's,Silver,,North,Credit Card
1920,37,336.7,33.0,3.9,No,Subscribed,No,Satisfied,Bachelor's,Bronze,Electronics,South,PayPal
1921,48,136.3,54.0,0.0,No,Subscribed,Yes,Satisfied,Master's,Bronze,Electronics,Central,PayPal
1922,23,700.2,6.0,199.01,Yes,Not Subscribed,Yes,,Master's,Bronze,Sports,West,PayPal
1923,37,234.8,1.0,0.0,No,Subscribed,Yes,Very Dissatisfied,Bachelor's,Bronze,Electronics,West,Credit Card
1924,27,,45.0,0.0,No,Not Subscribed,Yes,Very Satisfied,High School,Bronze,Clothing,South,Bank Transfer
1925,49,1551.6,28.0,42.98,Yes,Subscribed,No,Neutral,Bachelor's,Bronze,Electronics,North,Credit Card
1926,18,257.5,36.0,0.0,No,Not Subscribed,Yes,Dissatisfied,Bachelor's,Silver,Electronics,South,Credit Card
1927,28,97.9,55.0,0.0,No,Subscribed,Yes,Satisfied,Bachelor's,Silver,Electronics,South,PayPal
1928,40,376.5,49.0,63.67,Yes,Subscribed,Yes,Satisfied,Bachelor's,Bronze,Electronics,South,PayPal
1929,54,865.4,,94.18,Yes,Subscribed,No,Neutral,High School,Bronze,Home & Garden,North,PayPal
1930,34,1447.5,23.0,0.0,No,Not Subscribed,No,Neutral,Bachelor's,Bronze,Sports,East,Debit Card
1931,28,213.8,,0.0,No,Subscribed,Yes,Neutral,High School,Silver,Clothing,South,PayPal
1932,58,602.2,15.0,161.98,No,Not Subscribed,Yes,Very Satisfied,Master's,Silver,,West,PayPal
1933,18,338.1,5.0,60.66,No,Not Subscribed,Yes,,Bachelor's,Gold,Electronics,North,Debit Card
1934,18,419.5,26.0,239.41,Yes,Subscribed,No,Satisfied,Bachelor's,Bronze,Clothing,East,Credit Card
1935,40,2184.6,10.0,309.13,Yes,Not Subscribed,Yes,Very Satisfied,High School,Silver,Electronics,North,PayPal
1936,29,181.4,76.0,130.73,Yes,Subscribed,No,Dissatisfied,Bachelor's,Bronze,Home & Garden,East,Gift Card
1937,23,520.5,26.0,0.0,Yes,Subscribed,No,Very Satisfied,Bachelor's,Bronze,Clothing,North,Credit Card
1938,44,591.8,27.0,143.8,Yes,Not Subscribed,No,Very Satisfied,High School,Bronze,Home & Garden,Central,PayPal
1939,38,857.5,13.0,6.29,No,Not Subscribed,Yes,Very Satisfied,Master's,Bronze,Sports,West,Gift Card
1940,28,474.1,2.0,0.0,No,Not Subscribed,No,Neutral,Bachelor's,Silver,Clothing,East,Credit Card
1941,20,537.8,1.0,80.92,No,Subscribed,No,Satisfied,Bachelor's,Bronze,Home & Garden,North,PayPal
1942,45,353.4,17.0,125.95,Yes,Subscribed,Yes,Satisfied,Bachelor's,Bronze,Books,East,Bank Transfer
1943,43,525.3,3.0,74.54,No,Subscribed,Yes,Very Satisfied,Bachelor's,Bronze,Clothing,West,Credit Card
1944,34,363.8,28.0,0.0,No,Not Subscribed,Yes,Neutral,Bachelor's,Bronze,Clothing,North,
1945,57,649.1,64.0,132.3,Yes,Subscribed,Yes,Satisfied,Bachelor's,Bronze,Home & Garden,East,Gift Card
1946,22,358.1,64.0,0.0,No,Not Subscribed,Yes,Neutral,Bachelor's,Bronze,Home & Garden,West,Gift Card
1947,18,560.5,32.0,84.95,No,Subscribed,No,Neutral,Bachelor's,Bronze,Electronics,West,PayPal
1948,27,439.2,7.0,11.57,Yes,Subscribed,Yes,Satisfied,High School,Bronze,Clothing,West,PayPal
1949,34,878.5,60.0,46.94,No,Subscribed,No,Satisfied,High School,Platinum,,Central,Debit Card
1950,38,433.4,65.0,89.04,Yes,Subscribed,Yes,Satisfied,High School,Bronze,Clothing,Central,Debit Card
1951,32,154.3,7.0,0.0,No,Subscribed,No,Satisfied,Bachelor's,Bronze,Electronics,South,Credit Card
1952,39,953.1,40.0,259.97,No,Not Subscribed,Yes,Very Satisfied,Bachelor's,Bronze,Books,East,Credit Card
1953,20,259.6,10.0,0.0,No,Not Subscribed,No,Neutral,Master's,Silver,Sports,West,PayPal
1954,52,,49.0,0.0,Yes,Subscribed,Yes,Satisfied,High School,Silver,Clothing,West,Gift Card
1955,34,312.7,177.0,52.76,No,Subscribed,Yes,Neutral,PhD,Bronze,Home & Garden,Central,Gift Card
1956,48,1019.7,1.0,69.55,No,Subscribed,No,Neutral,Bachelor's,Bronze,Sports,North,Bank Transfer
1957,39,124.1,68.0,0.0,No,Not Subscribed,Yes,Satisfied,,Silver,,South,Gift Card
1958,40,2937.3,29.0,141.09,No,Subscribed,No,Very Satisfied,Bachelor's,Silver,Clothing,South,
1959,42,842.4,109.0,136.12,No,Not Subscribed,No,Satisfied,Bachelor's,Silver,Clothing,South,PayPal
1960,40,511.1,19.0,0.0,No,Subscribed,No,Satisfied,High School,Silver,Sports,South,Debit Card
1961,43,432.5,56.0,179.05,No,Subscribed,No,Dissatisfied,High School,Silver,Electronics,West,Debit Card
1962,51,530.6,2.0,159.18,No,Not Subscribed,No,Neutral,High School,Bronze,Books,North,PayPal
1963,37,611.1,12.0,108.31,No,Subscribed,Yes,Satisfied,Bachelor's,Bronze,Clothing,West,Credit Card
1964,44,658.3,2.0,0.0,No,Subscribed,No,Very Dissatisfied,Bachelor's,Silver,Clothing,West,Gift Card
1965,34,623.9,111.0,6.29,No,Subscribed,No,Neutral,Master's,Silver,Clothing,South,PayPal
1966,52,471.7,51.0,15.99,No,Subscribed,Yes,Satisfied,Bachelor's,Bronze,Electronics,South,Credit Card
1967,27,,57.0,0.0,No,Subscribed,Yes,Very Dissatisfied,Master's,Platinum,Sports,West,PayPal
1968,57,408.2,83.0,63.38,No,Not Subscribed,No,,High School,Bronze,Books,West,Debit Card
1969,35,397.7,,0.0,No,Not Subscribed,Yes,Satisfied,High School,Bronze,Clothing,Central,Credit Card
1970,18,882.6,15.0,185.15,Yes,Subscribed,Yes,Satisfied,Bachelor's,Silver,Books,Central,Debit Card
1971,37,638.2,2.0,0.0,No,Not Subscribed,Yes,Very Satisfied,Bachelor's,Bronze,Sports,Central,Credit Card
1972,27,76.6,7.0,172.91,No,Subscribed,No,Satisfied,Bachelor's,Bronze,Clothing,East,Credit Card
1973,45,662.6,8.0,0.0,Yes,Subscribed,Yes,Satisfied,Master's,Bronze,Home & Garden,Central,PayPal
1974,27,502.4,19.0,67.55,No,Subscribed,No,Very Satisfied,High School,Bronze,Clothing,West,Debit Card
1975,30,442.0,9.0,138.72,Yes,Subscribed,No,Satisfied,Bachelor's,Bronze,Home & Garden,Central,Bank Transfer
1976,18,354.1,3.0,0.0,Yes,,Yes,Neutral,Master's,Bronze,Electronics,North,Debit Card
1977,30,877.5,5.0,193.55,Yes,Not Subscribed,No,Dissatisfied,High School,Bronze,Home & Garden,Central,Bank Transfer
1978,18,789.3,5.0,0.0,No,Subscribed,No,Satisfied,Master's,Platinum,Electronics,East,Credit Card
1979,18,281.1,108.0,177.53,No,Subscribed,No,Satisfied,PhD,Platinum,Sports,West,Credit Card
1980,44,570.7,43.0,80.07,No,Subscribed,No,Satisfied,High School,Bronze,Sports,North,PayPal
1981,44,,103.0,0.0,No,Not Subscribed,Yes,Satisfied,High School,Silver,Electronics,South,Credit Card
1982,40,195.4,17.0,0.0,No,Not Subscribed,No,Satisfied,Bachelor's,Bronze,Clothing,South,Debit Card
1983,23,306.9,10.0,95.51,No,Subscribed,Yes,Very Satisfied,Master's,Bronze,Clothing,South,Debit Card
1984,34,750.0,48.0,0.0,No,Subscribed,Yes,,Bachelor's,Bronze,Home & Garden,North,Bank Transfer
1985,35,791.9,12.0,0.0,No,Subscribed,Yes,Dissatisfied,Bachelor's,Gold,Clothing,West,Credit Card
1986,21,608.2,11.0,10.02,Yes,Subscribed,Yes,Very Satisfied,Master's,Gold,Home & Garden,North,PayPal
1987,53,690.7,8.0,0.0,Yes,Subscribed,No,Neutral,High School,Bronze,Clothing,South,PayPal
1988,46,609.3,4.0,238.3,No,Subscribed,Yes,Satisfied,Master's,Bronze,Electronics,North,Credit Card
1989,32,304.2,9.0,0.0,No,Subscribed,No,Very Satisfied,Bachelor's,Bronze,Electronics,East,PayPal
1990,35,579.3,13.0,138.87,Yes,Subscribed,No,Satisfied,Bachelor's,Bronze,Electronics,South,PayPal
1991,38,722.6,34.0,36.43,Yes,Subscribed,No,Satisfied,Master's,Bronze,Sports,South,PayPal
1992,18,,2.0,0.0,No,Not Subscribed,Yes,Satisfied,Bachelor's,Bronze,Books,East,Credit Card
1993,32,912.3,7.0,30.47,No,Not Subscribed,No,Neutral,High School,Silver,Clothing,West,Credit Card
1994,27,683.7,50.0,134.83,No,Subscribed,Yes,Neutral,Bachelor's,Bronze,Clothing,North,PayPal
1995,23,551.9,5.0,3.23,No,Subscribed,Yes,Satisfied,Bachelor's,Gold,Electronics,North,Credit Card
1996,32,849.5,13.0,161.5,No,Subscribed,No,Satisfied,High School,Silver,Home & Garden,South,Credit Card
1997,57,440.0,60.0,131.21,No,Subscribed,Yes,Satisfied,PhD,Bronze,Electronics,Central,Credit Card
1998,43,263.3,5.0,124.45,No,Not Subscribed,Yes,Neutral,High School,Silver,Home & Garden,South,Credit Card
1999,28,405.3,3.0,0.0,Yes,Subscribed,No,Satisfied,Bachelor's,Silver,Books,East,Credit Card
2000,42,285.9,,0.0,No,Not Subscribed,Yes,Satisfied,Bachelor's,Bronze,Electronics,South,Credit Card
