feature_1,feature_2,feature_3,feature_4,feature_5,target
-1.2804555710024668,0.35168738584405346,0.18947982122108065,2.1133705291126423,-1.6387283479773607,0
-1.371673697230466,-0.23236369377630972,-0.7094410024275466,2.196052138151309,-1.4756809087254916,0
1.7481370691208353,2.173455370734733,1.040061819902576,0.6650904004290157,1.3798439771936786,1
0.8155010224442626,-0.6125397331222744,-0.048088507330772585,1.0510415619428939,-1.0807902740293862,0
-0.10434279298689202,1.0714530537943254,0.39330705000532395,0.8958756383476707,-1.3387903710578055,1
1.090861670603698,-1.3308069575192696,-0.4629395120252583,1.44660438332594,-0.9930355531053694,0
3.2430929695947324,-1.9945569953001643,2.30791625061611,1.349877342058434,-1.023708577860566,0
1.6786746733725662,0.4483511085399784,-1.911640550651757,0.6974530792655778,-0.2556243229795243,1
1.2840957939481175,1.9202118842682077,-2.4263920705352087,1.2179762694809382,0.2089827824548003,1
0.45060341286253885,-0.09981503078352771,-1.869816339532164,0.9360194976438831,-1.1247000286731024,0
-0.05310680169691065,1.3209167446035253,-0.5509818035382495,1.8709941215321713,-2.696748970897822,1
-0.6671890847775054,0.6503433170047745,-0.732968899123759,1.09613659006006,-2.2211709892720037,1
1.1590740649558977,-1.5265723617342744,-0.336254738681072,0.40684650400043243,-0.6196994641009175,0
0.4473939370689756,0.9038529437420304,-0.5012341077902127,1.7648669806049477,-2.4782810714497012,1
0.13069002446438233,0.7226700404930109,-0.14152575336694828,1.5688717715973515,-2.6661058173636816,1
0.18106274277108234,0.35580640602099844,1.3032780373160637,2.504781483159694,-1.8355771248614485,0
-3.007632339693757,0.8894172173297851,0.5711794062192087,0.3504898653363675,0.6862772805212878,1
-0.04489303012253698,0.26696980327071573,0.1825010305992134,-0.10197779081273506,-0.8354073672373724,0
-0.6416668201303822,1.1770501425377706,1.6653519176235307,1.052057688463921,-1.6047957147838807,1
2.271449745422796,-2.0067082061117856,-0.40439742318396127,0.44829163952637063,-0.7000038016683181,0
0.041325632270618466,-0.5181291443044587,0.4430021304473752,0.1658713162125568,-0.8809563850649706,0
-0.5017841928115321,-0.9971742913232994,-1.372465547884101,0.14828046951143814,-0.6983597787761864,0
-0.11066536855732945,-0.45536568668339517,-0.8966422273152082,1.5189853236679043,-1.2473901146731492,0
0.7899197221808523,1.0191183704426654,0.9695690257529068,2.0197267964552283,-2.656545502187189,1
1.252842634427484,-1.4531438629145916,-0.4482246163001495,-0.4532181779208675,-0.5348683922495732,0
-0.88075408960273,0.41319875232374226,1.7987250183513115,1.1352243569396903,-2.4645457756279843,1
1.3254321090950785,-2.00848444240115,-1.4068150094975382,0.4599352191393631,-0.6867954001484311,0
-0.0070449854805546995,0.1730180956504772,-0.21560957856802238,0.6020192079046558,-1.0549189336812617,0
0.32208231076698546,0.5159247924192292,-0.01109200394860206,0.4447309121250732,-1.177352868590833,0
1.1395555360254692,0.00936490017659719,-0.38736196455281124,0.6694955090347202,-2.0542105373653006,1
0.15532499919940146,1.4097142550389152,0.3981472651225371,0.2707868699714072,0.10454433867944068,1
0.7007006121205837,1.4593106889275347,2.814654444472553,0.9358403936366992,-0.45965209765366544,1
0.48074457976798396,1.9258339152062907,1.4967104074459814,1.662892462724952,-1.3610711488656502,1
-2.0503574572842003,0.7077217759773853,0.7391804947015679,1.0830592669564805,-1.2278532293079476,1
-0.6792306531929551,0.5279943885686024,-2.914255989816941,0.8198469655139061,-1.203136870512268,1
0.6647027453331099,-1.3237778678886252,-0.552920837367302,0.3814533731076173,-0.7157207865229753,0
0.14098269961205998,-2.0710391924459746,1.5886269280435956,0.5154226859346848,-0.5613913976302897,1
-0.6749340187905523,-0.8270133682114361,-0.4030759890650308,1.6119738928290164,-1.1936505701753257,0
0.5232231857370332,0.8651539229167623,-1.2203206899439758,0.3210996204799019,0.34991280183697926,1
-0.772659445270824,-1.2438403399005866,0.8301918118626102,3.574555892071237,-1.7943452832634212,0
-0.1403750589053363,-0.8622377385328976,0.30761266818919614,-0.07164406323869943,-0.6069069701449092,0
1.1801281737415277,0.6005359228471348,1.144293068559939,0.13401060985453128,-0.22620418503411255,1
-1.6566232076777738,-1.8785530724601407,-0.5244481362626519,1.2529915083530534,-0.954455363900217,0
0.8139808601977412,1.1577863375980426,0.12861745040496653,1.0204894744095847,-0.6449428139844107,1
0.5648423586001226,0.1994601105124585,1.6357978061358152,0.27360514887584486,-0.5901681849717217,1
-1.548960525053475,-1.2880384421849216,0.2579759812211809,1.510835522093961,-1.0258128956197483,0
1.0018248536819372,-0.8593070379050473,-0.49757083838520716,0.9195647359176338,-1.0346629390524267,0
0.200459631413729,0.6689896945388466,0.6089053562546319,1.578957123072362,-2.334052253718885,1
0.8089192693927194,1.5931637950796584,-0.5844552918504382,1.0489780186187443,-1.0244365741296926,1
1.4509275482792119,-1.569966506924917,1.8071966436378852,0.44349117803349647,-0.6445336367475303,0
-1.8437935834807457,-0.5933816076768068,-0.8903178480198718,1.2205264208368656,-1.1560310098004314,0
-0.1134806458821414,0.8089920253180856,0.22155847362421105,0.8023339028670319,-0.5184419852142675,1
-1.387868550455802,0.8559914592446999,0.7638603516334226,0.6578963458317637,-1.406804296104421,1
0.9137716213855857,-2.2041923791070612,-1.5457297866907331,1.7934357281757904,-0.9495274205050679,0
-0.01987363536831157,0.44029589080348086,-0.10726476581094174,2.303823832108242,-3.9619848311203127,1
-0.1790932850161564,-0.5153698192575362,0.3958197810959234,0.817032985064885,-1.1487254021663127,0
1.2208212988130478,-2.6613479854445288,-0.8767737812118448,-0.3108477030939629,-0.19246206883593886,0
0.8580141953021454,-0.8908373663633541,-0.8281962729652346,0.6560354907528966,-0.9294152483590686,0
0.4929864585144592,1.121448288626504,-0.05751775300546313,0.08225570431874585,1.1543483773294945,1
0.0861108682589779,0.16516877198720115,-0.7469232850701676,0.47947921495102985,-1.2542339177164044,1
-1.7710685530880912,-2.13001084717709,0.47154238041820573,1.6594502709766843,-1.0595698047881605,1
0.5059655534558652,0.6247710871700984,-0.7282722024066131,1.4711254170682548,-1.4719915713653653,0
-0.3451647054497966,1.0213950606446458,0.4892545350763279,1.4374125097779786,-1.5741447430562399,1
-0.8343230454915821,-1.6986323704565502,0.7640297815728595,0.07537493329528389,-0.6262402311077633,0
-0.05658848889989584,-0.32707570231489813,1.2189707897936632,1.171630592353682,-1.15575951947373,0
-1.1617838439123638,0.5469370969348255,-0.28313889674376713,1.3655851426765793,-1.403825230749223,0
-0.6862791357550845,1.895902229934103,-1.4326712897396527,1.6507810248566366,-0.6263794288323565,1
0.6386601686431024,-1.506132185405677,1.0581183250871502,0.47824954832451594,-0.7586072288867346,0
0.2125740306322149,-1.218709006512707,1.0269862633197322,1.520738281234192,-1.1234304267806297,0
1.1218578562304709,-1.3521772572407076,2.3200407220172594,-0.26036727134059134,-0.5275539697143411,0
1.188596823087008,1.185181256417534,1.849362141386381,0.9765519962680975,0.25669261957424006,1
0.07959786237603639,-0.29935896067577183,0.5540577711159071,-0.6439137467994023,-0.5990806914929816,0
-0.965664803523208,-0.7851956264300111,1.6291663649009451,0.14424566003152528,-0.74789328582644,0
-1.8418977729578574,0.9988668841398792,0.8920675997317206,1.8240307214247995,-2.4545477127053057,1
0.3231854824582059,1.1214846066002415,1.2838168598535613,1.2096064127377326,-1.08170404028112,1
-2.4883273534129895,-0.14478037557934065,-0.6582484123338483,2.7138696531268076,-1.7243949376115377,0
-1.0263692076658921,0.4189884791672138,1.23000057271915,2.3633008745319026,-1.7615358631825666,0
0.06008599461516361,-0.32240470163052337,0.3883120054234496,0.3602375312699917,-0.906421043061279,0
-0.6300249795338944,-0.45586084198260846,0.7319555025098458,1.6981984895607667,-4.285984494818177,1
-0.35084943007647457,1.7137786265501656,-2.2183477600510813,0.740458120327661,-0.061837051554497924,1
-0.3918767653868664,-0.021740771302515727,-1.017764309076953,0.20932112671746272,-1.5973588851433784,1
-1.0022170189267248,-1.5415666646863744,-0.7524352373530351,-0.6794455078356862,-0.2937056170493443,0
0.2094700836477726,0.970610824371435,-0.9845340504819681,1.9338542297840138,-3.554416761808635,1
0.5101574689151834,1.5523235377788898,1.2725701629285695,1.0379996380600423,-0.3138459364827585,1
-0.13213658890154725,0.6023546667897262,-0.5237313027714218,0.3119336820471722,-1.192628119580411,1
2.1650560678066024,0.5982835157460225,1.190548594343596,1.5338430091672488,-1.3651373064012886,0
-1.6167133749480143,1.083529550931831,-0.22938233185546722,1.351474377736098,-1.1597833200897925,1
-0.349439327216956,-0.7866832210615249,-0.7725687487562409,2.817892622258192,-1.6912366745575582,0
-1.3495762115515322,-0.996326938846263,-0.41521376790527154,0.3026454395506404,-0.7924848778952097,0
0.9500158286696456,-0.48154020334164227,0.24300472205439969,0.03629410398219701,-0.6628880331889782,0
0.08127842205619876,1.7027802760434112,-0.037893081716830875,1.2578597921197647,0.023932677424751247,1
0.5114995753618613,-1.4893206281352036,1.935154040060229,0.48372871232415904,-0.7874857507606684,0
-0.29748220087385013,-1.6438364149600682,1.3119837385739466,0.5433722753100763,-0.6440422105386832,0
0.03471374875256186,0.30874618229089346,-1.9685042134380537,0.8551900072553855,-1.1219350847516436,0
-2.0634031524794545,1.7130866836271235,-0.3173504922425348,1.0350375458341945,-0.7349777932040991,1
0.5008315910042115,1.2047198660372969,-0.8784738013420597,1.8360901927994386,-2.1828185659110177,1
-0.07397286359437803,-0.7566377061529034,-0.07566560432583026,4.959801345227888e-05,-0.7640468124044304,0
0.827115428565768,1.265782043387505,0.1579743122514517,0.44939763328995397,1.020826894348374,1
-2.0755880090785332,-1.6952065086299957,-0.08606969279089306,0.18544160589334158,-0.6498560312578776,0
-0.23591652931212392,1.8892048810359534,-0.4068852445043747,1.6456714251309705,-0.8260037203558135,1
-1.3902219251534627,-0.9079856168988417,0.15776143929376948,1.284697335439473,-1.1011562166726654,0
-0.5256309339853844,3.110196588315098,0.032407013340136216,1.5484051710206552,0.8331782077403411,1
0.1566937282465246,-1.5341338740963435,1.0235306441853447,-1.7845176117199144,0.03984341402353153,0
1.0965471182302537,1.016633952999032,-2.191253851165281,0.36456438301318683,0.5933330970034982,1
0.7356219972457467,-0.284233834991259,1.78179890877106,1.8329426155722395,-1.4251742486180896,0
-1.2172826922204794,-1.8075383156794111,0.15946250680412918,0.7381548475198485,-0.6940539160417027,0
-0.7397711639729673,0.504732474323484,-1.3346106069102326,-1.2968430444395609,1.3864971644332016,1
1.0487071264165635,-1.1461094722524545,1.6554071130882952,0.31941362271104123,-0.740068225158631,0
0.9577916144729056,1.1827720272246725,0.20760335140062577,-0.021239064159605192,1.418864195339589,1
-0.2627467476865041,1.0008446520529795,-1.5958939685741136,0.9704136487678704,-0.5584895826247156,1
-0.37058276240078286,0.4731008819896301,-1.3480471119401671,0.344878710817591,-1.0831182414003917,0
-0.3270173176097708,-1.95715599319408,-0.21345677935043805,0.32687500073883724,-0.6683464963487606,0
0.4968735905075971,-0.8228733345546022,1.0697714549838502,1.959441831036519,-1.2437742413060655,0
0.23402445435314795,-1.8489701254446813,-0.24852861807444937,0.16467468687004094,-0.5666777635321887,0
0.508608373233442,-0.1271475546591696,-0.4303093199546424,-0.40853072299871096,-0.8303284827769466,1
-2.0903028988531567,0.7759920872799075,-0.1702582467959055,1.2201262465214637,-2.28993738481735,1
1.3764964500195378,-1.0285476840987464,0.3131321400131553,0.8410135713849071,-0.9728560844307522,0
-0.36550593698526584,0.19006635024387708,-0.15129922023252232,2.5552156970183892,-1.765674666580245,0
1.2753907379990148,-0.7178379171934972,-0.15171443357722914,0.6553966098333095,-1.0223462789695403,0
0.1263141994832002,-0.02321566625546234,-0.46913085421040895,0.12446306160144471,0.3062652383461224,1
0.9863765059059371,0.6640068592730554,-0.7119732272589228,0.925580285345455,-1.748472380208554,1
-0.05390484900573917,-0.9235961215966593,-0.9823035803773149,0.587275334024754,-0.8160358288407166,0
0.4322629506341556,-0.4854900686992475,0.47004418736820225,1.7110071736383934,-1.3526240865404469,0
-0.8093808210827541,-0.451030149292053,0.9567031863856585,-0.3600712337159069,-0.8474784693821924,1
-0.4166253056154625,0.4257060116872421,-0.06312301311124825,0.0848768172548674,-0.7762404277906395,1
1.3511140899867151,1.4059505564207226,1.292745289518207,0.6642745041628719,0.5776183472478926,1
-1.092141593428733,1.8095810833258272,-0.253676077542381,1.2032770179416403,-0.5598377721860834,1
-1.9670697035871527,-1.2924543955584675,-1.1171864617070026,0.9442653931410679,-0.9313081509064571,0
0.4730382821602152,0.41883537472041465,-0.645572072035395,0.530362086684628,-1.5252256559618722,1
0.18517553682991406,-0.2637340531007698,0.42544486418417227,1.7247812006311467,-1.362863183281188,0
0.007178466907941942,-0.8298878137192485,-2.0864776583710847,0.8163235798059465,-1.0253086246358512,0
-0.1643352058853914,-0.7060296364257725,0.21209335307417554,1.031836308229906,-1.13911708353898,0
-0.589112132781127,1.3091256876904565,-0.9355962987624259,-0.4766186454089474,2.610392453307689,1
-0.033925225927908885,0.589382267455226,-1.5947559581633328,-0.008612556238931646,0.7525434973366842,1
-1.1543626682329844,-2.1157742509649147,-1.7518288067517191,-1.5571675818839807,0.022306863932552323,0
-0.9933586995819507,-1.177767669406176,-1.0158788269899783,0.9471160402337496,-0.9624108436763112,0
-0.5800163326536847,0.7842255709363573,-1.1564158167438567,0.8440929535841518,-0.5513059153964646,1
0.5027448074908146,0.24440331801807158,-2.4932708203300775,3.025511404907888,-1.979986211135612,0
0.8500793324175533,1.3695673566673365,0.41768075223940065,-0.16148334186999835,1.2111623136272427,1
0.2773584619646759,-0.6659100516744132,-0.022278979183713316,1.307658633202526,-1.2178880645452885,0
1.0071572005966691,1.021776576874707,0.5179947763914519,2.732256310997194,-3.772073511123129,1
-2.1899217049785533,-0.7904229346351762,1.1945922205137307,0.29561765542645757,-0.8686521559268221,0
0.34834173924612705,1.4294570544107084,-0.8978300664256297,0.5841132849123128,1.121101934313978,1
-0.8792827824119881,0.7663048041375398,0.3485951198609804,0.8465756398338847,-0.45502963615384884,1
-0.2188662517356257,0.5264821094597933,0.7662429750405095,1.7003168678539322,-3.0751135767456996,1
0.045491476330752,1.4207997621325188,0.5583364232117055,1.7234633117429583,-1.7375065536138283,1
-1.5614932224418594,-0.21761483328830478,1.503419828428999,1.3986769377239359,-1.1948988317765192,0
1.5985381120963411,0.2535249633570489,0.8021284586181192,1.0089031361338445,-1.2969081715852788,1
0.25866114785538813,-1.3453839053049363,0.21273977585766032,2.563260439882315,-1.4941128923682137,0
-0.9162741005637249,0.1741649057132113,1.3554428011054958,0.5870369333869534,-1.1469406974086291,0
0.0845051456928626,1.2457597513723275,0.7979945496122365,2.6271807737823067,-3.5927891790205164,0
-0.6654222981294604,1.4302046905797627,0.7219034854381412,1.4080133696087849,-1.53269685039325,1
1.4532754760425446,0.37102050415645205,-0.07823065905851781,0.6962871409729572,-1.4533361360360701,1
1.088769654216672,-1.4987001070032335,-0.37630072492499606,0.9798324717846414,-0.8882126395758372,0
-0.8451539584261589,1.3505713498538434,0.5533889830744267,0.7641520636328496,-0.12281868594509737,1
-0.05592044852221312,0.9623080436941788,0.3379575282321183,0.4606026089295785,0.24418038979890055,1
1.558789184496894,0.7966306755319995,-1.5304614097433769,1.589542274190106,-2.1488040371170225,1
0.00161903135694112,1.5235929437962743,0.4147728907887909,1.1584624381581634,-0.5028897346971484,1
1.4621959387176369,0.7482144768004759,0.4486357645145273,0.517024267781164,0.12330614674886675,1
-0.7352010347632466,1.5383674366903906,1.6562082520572956,0.908361538588779,-0.6185752185113056,1
0.8707466445884032,0.9259432716559842,0.94881309647162,0.9960677132482185,-1.7793052860939618,1
0.8458028725629282,1.416592126641416,0.5140625524247758,0.7165690959664222,0.9385497220656329,1
-1.795643172630015,0.909254832492038,-0.3300901917014373,1.1432268600610396,-1.8326545844886675,1
-0.97536602727825,-0.8564705720669399,1.3035079319347591,2.963995242031567,-1.6685544508394035,0
-2.6248170563741122,-0.0214863874949085,2.5490097087177226,0.07633180990347732,-1.5106464388805023,1
1.153590343316926,-1.4068965755287075,1.3863493972628438,-0.456370436723442,-0.4592345259485554,0
1.3995946451457935,-0.5746363414440465,-1.342127748485115,1.4033218986606517,-1.233213166126983,0
1.7611881248673737,-3.1975980744168497,-0.0003136726117747121,-0.18984380177832327,-0.1629980793908522,0
0.0731969910016942,-0.7413126314200799,-0.1502429887982594,1.0644434838033874,-1.067376866353757,0
-0.5859276733177553,-2.892195619381578,0.32910677871012955,2.3386850724006027,-1.07084532980577,0
-1.7422216926352752,0.7002821016088938,-0.5460417988167212,1.6579549132652889,-2.634796253340168,1
-1.0425776946705763,-0.5080205071143302,-1.17223375343664,2.9963059935822907,-1.7388641373239149,0
0.3216785413765001,-1.2967644198573414,0.16805980596682024,0.7729263603971086,-0.8637340243874255,0
1.036087651046256,-1.4012427236229323,-1.422974925261673,1.0097883727357313,-0.9636617129190682,0
0.10343812930810638,-0.4839483617589032,2.042076040143744,2.6037894229039606,-1.6725022633792817,0
-0.5898923177556078,0.9969321953225281,0.6986888135170435,1.0809378578247753,-1.0479195359074345,1
0.8728243510056347,0.8886425914614056,-0.9661567233704171,0.002651767202002664,-0.08191245492281751,1
0.07125374991089249,-1.1542296199806268,-1.2935076252040958,1.1387284858179911,-0.956753264751761,0
-1.466785190615677,-1.0139963532106997,-0.5014021468856367,2.1151816107215673,-1.354977768451978,0
0.5773635251066616,1.388999944272527,-0.1286594463520559,0.5892394529496263,0.437824377457537,1
1.0074439731951985,-1.2516624030824586,-1.2549226680022925,1.1017668541228072,-1.0341140806295346,0
-0.9944285217997922,0.3442120502789636,0.249548189598077,0.6586053723579326,-1.1674986618216179,1
-0.7961368031864955,1.8292173377279946,-0.9500634974661273,1.7428606501755652,-1.0357672754303966,1
-0.5938114080687051,-1.3796976890147699,-0.16563141031763223,1.1152192466402095,-0.9050897987477189,0
-1.542801515209646,-1.5898586032637878,-0.6327550298850391,0.9534809484484398,-0.8937584744257291,0
0.02521086754008211,2.149954247959892,-1.5431182279428701,1.47545434188382,0.11038592484388898,1
-1.2699985973938759,0.4727446434536906,0.6688401305462182,1.1590274952088688,-1.6895913934736897,1
0.4861847915619389,0.5090403569374604,-1.9493717553224232,1.1569974911284207,-1.6570425780365077,1
-0.005560293648070566,1.7482417727821515,1.1785126897984228,0.43150616760708493,1.2346758377149722,1
-1.8179792253871547,-1.2742022514017448,0.7597122954841684,-0.19693726360626385,-0.47547578289175485,0
-0.26864575330974255,0.550381113287177,-1.8363597837703973,1.1300707378434134,-1.7697323765619886,1
0.3361449630262288,-1.2463367933880218,-0.22747625995340778,0.7201033403014343,-0.7604616493410828,0
-0.5561187467607805,-1.9444650955787486,-0.13006029355362003,-0.02994008731774045,-0.38649569064730893,0
-0.36146276669398564,-1.912194267631385,0.4164460381014525,1.1866432971297058,-0.9080062758420948,0
0.3676198402097109,-0.6396776480143087,0.1480894197982762,1.5696787603329034,-1.2102281758481856,0
-2.018487864388638,-0.6022222378599471,0.14506374595938162,-0.16544973808634778,-0.666351099025489,0
0.4964001177339411,2.623892822330104,2.0750650393485417,1.207149400764962,1.041501077788093,1
-1.1533505105959596,-1.37559241815097,1.1373145423647297,-0.31862192661673006,-0.5737939745915117,0
0.5152943216244674,-0.4590493590966702,-0.8342818100346248,0.4871147462095642,-0.8792510086791001,0
-0.18315047105329468,0.20278802623484293,-0.35667313417987123,0.7511300798336624,-1.043860673040802,0
-0.4118233689636573,-1.5142587671113863,0.13192796677195706,0.5048608760035539,-0.6531013116714501,0
-1.443604262169765,-0.4866222628147805,-0.4829098394605177,0.6569118595079725,-1.1518839139362038,1
1.2376537575119981,-1.541557580075244,0.37976763604089603,2.1203437229265782,-1.3774834760711219,0
1.9483426447898127,1.21594371794863,1.0251091525817733,0.6245448761971839,0.14292828574567085,1
-0.6076463453734726,1.0728258778140867,-0.1373109657888796,0.8094400573338993,-0.4328142174385039,1
0.6594512411136115,1.0771352068784714,-0.803948414727481,0.8363324542887773,-0.6846859111840513,1
1.1834936668899279,-1.0079311005284644,-1.1780408673763807,1.3202060642274587,-1.0610023754372775,0
-0.1942691319785193,-1.0787043881342622,-0.7557915001583629,0.8594553701686583,-0.9760011349754524,0
-0.9006713825124801,0.035467781522024566,-0.9642000714232447,-0.08884425256642126,-0.24120174282852913,1
0.22907468820570262,0.06147635829782461,1.0743180127155618,0.4574241621259951,-1.0230970869026534,0
-2.169677417725702,0.751441389665707,-1.1941894010922893,1.2739850853652437,-2.1376308735848677,1
3.0768603701805035,0.38256571152542695,1.360115900180313,1.139248155123487,-1.8762710507569942,1
2.7552177437199017,0.347227990604674,-0.30561061415380336,0.9259589238730401,-2.468714206683824,1
1.676393027208203,-0.31279350067535194,-0.9455068799427312,-0.15406436216820563,-0.8435525407039626,0
0.24288201315027502,-0.7502091946684573,-2.0820987031889877,1.877028179763838,-1.4198242911538386,0
-1.1761733365547806,-0.7349876641258001,0.4875602970867186,-0.005488386826725256,-0.7694794420598539,0
0.990166238959289,0.6070651695990678,-0.21713107494620248,-0.021123761473313296,-0.41079473632038976,1
0.8913036868697555,1.520906829695246,0.004229858994151577,0.8876759480869075,-0.043004251323857656,1
-0.6498268854974364,2.2670428068182327,0.08416823018569615,0.7136408487936705,1.3088523047989407,1
-1.1511537365528692,1.6338368538016157,-2.839078659485427,1.3492547755359479,-0.5953234212227162,1
1.1038773433162576,-2.5179430944715913,0.4751677464953816,0.26045881758356015,-0.5303919404898877,0
2.303638752104789,-1.9606221044193481,-1.479444223139724,1.5800464700278933,-1.1251896123017693,0
-1.5350402475323597,-0.981344360533132,-1.8800100339077637,3.0997991205621114,-1.6792946631133479,0
-0.952316380738797,0.057974661443361386,-0.6769951384585313,0.8991511249808369,-1.2324145003447429,0
0.4359753895000459,-0.8437605227304462,-2.5322460852196853,0.3751541385525704,-0.8345696246590075,0
-0.4877053729487446,1.1009742119232608,1.0743330047702437,0.9116911224674118,-1.4630955829961017,1
-0.29737607924310644,1.3363533372228023,-0.24638340251454802,0.24538798811035245,0.8936922793053943,1
0.8567024802425557,1.1833976131213058,1.6773770878054892,0.9745953007691026,-0.519775099586564,1
-0.38769991640856116,0.31853070182105947,-0.41361566562964275,2.3667948674982426,-1.588980358724024,0
0.35625278870608357,-0.07984464382738543,1.261519252535516,1.2420310855362078,-2.5421882767936275,1
-0.7801991291174627,1.1932941434278872,1.3305749040390402,1.5840167164677512,-1.6419925142466005,0
0.6276062975618311,-0.5073746724712853,-0.2795074632965335,-0.07969175385871474,-1.3063986220195702,1
-2.0362205028559366,1.6027972130780512,0.047493468251642953,1.381527703837312,-0.9931716469587873,1
-1.040193719815898,0.8307959729906976,1.945195074276933,0.6920508293320222,-1.1336195124796575,1
-0.5618420993516988,1.5896132714063387,0.4793609534294221,0.7783612712146881,0.3670123450660465,1
-0.9394632419859826,0.9552410087583172,1.119244917564096,0.8753159903282425,-0.9434763726284183,1
-0.3883469383011582,1.5166932072284025,-0.30561911106831274,1.4708509035013522,-2.5324967850890667,1
1.2202828964177173,-0.48498287415672214,-1.0766791274710137,-0.27306780617973003,0.1935333810288682,1
0.04435879751560705,0.8078133928415788,-1.745707432859652,1.1641614940045677,-1.4629970302234654,1
1.3705361439967134,-0.7211765927418937,0.6952029000839993,1.7067598441066938,-1.2797370302721556,0
-0.009288561567815747,-0.25286221286397503,0.30698107268623775,0.6177177310926784,-1.9110449797047315,1
0.2837510236615011,-0.18092213938302992,-0.9878733409007492,1.5723469861713237,-1.396405429757166,0
0.008783654898147817,1.1376964692360758,-0.2376833169609843,1.5200972770743717,-1.4287234411566674,1
0.7931756882186773,-1.246206649129249,-0.12205713212127726,0.36451798578788985,-0.6548476702859674,0
0.6549755842216898,-0.14470002862883835,0.8107986455917099,1.176151930675221,-1.1856129351995555,0
1.0094717885959688,-0.4450856307868515,-0.8449414385934964,1.2711904003499346,-1.2786832540107127,0
1.0215153927818639,0.6609309800978049,0.9189148546583293,1.2430132126339808,-2.6637287735270627,1
1.7120402840178925,-0.3221777537961156,-1.7476365098282616,1.171271645400016,-1.1732178541427336,0
1.1734422766324448,0.36978760101712327,-0.2725447213618092,0.46186443741577676,-0.8601764928052732,1
-1.3957892021924851,-0.26494131620035,0.5913492417584003,1.1458040826873095,-1.1702890022536487,0
-1.4972576451786446,-0.011694468096141497,1.2809395766667275,0.24356878719772324,-1.0662295571084521,1
-0.07906734186455633,-1.0021329417625169,-0.5791241096357468,0.9818987010296908,-1.1779513294384145,0
0.7828737349485725,-0.3022703091086293,-0.43112556957509907,1.3199066546003595,-1.150834923568278,0
1.146030144142065,1.228884199669178,-0.7773714848459066,0.5778898800176564,-0.7099613057498928,1
-1.2644984069549656,-0.8896068492958628,-1.7931064525345768,0.6047308946905763,-0.9190956127553167,0
0.10248464215820753,1.7329979460468534,-0.48282759080691834,2.573352601941602,-2.060886580807855,1
-0.8153756283161213,-1.298140160341676,-1.0662349318992252,-0.17416719122574098,-0.5473652081256672,0
0.993782214530439,1.4818455461911246,1.3739143852114495,0.7477890962985485,0.07627031103164916,1
-2.3203155982304233,0.5608880170037134,0.7826298263165181,0.09427292048214997,0.1386281983814217,1
0.5873916998060122,0.3699701289196943,1.41418728833109,0.8924123983750935,-1.9885107534198743,1
1.5287478505409084,0.23965349686149318,-0.08104596472174376,0.8574349809807269,-1.430002288246353,1
0.22228985580085406,-0.9080067945981153,1.2788658133133932,1.456809548129801,-1.139014449586767,0
0.14693529838668778,1.2131488241272865,-0.5221315700199924,1.138555865345707,-0.998154241131678,1
-0.8568518651277994,1.5112552711779237,-1.1260539609110505,0.9784138868675278,-0.34668202321438013,1
-1.2693304965466992,0.2820564630372524,1.7025146581296056,1.7337236434848293,-1.4073688305369585,0
1.1818910929599615,-1.124097331649638,0.4809080927488954,1.7626694800708158,-1.1942351845005814,0
0.32297450361766855,0.39415030288300335,-0.06100397185538362,2.3665256008445166,-1.699288462946443,0
-0.6683451948468017,0.3998807879699442,-0.0610756713523761,0.31158560892329734,-0.17845232035455072,1
1.6957228778108653,-0.7571198877705917,1.8972886947731116,1.4972950273418908,-1.1809051297351723,0
1.3204140097838342,0.04190085061149085,-0.8744356483399182,0.4820514872999814,-1.4597585489870895,1
-0.514782674914742,1.6509736646632276,0.24353020418634463,1.1023867865888637,-0.6982895332507084,1
-0.19692180799688963,0.6193086046969758,-0.4645810781156185,0.2762994177418694,-0.49302502118857316,1
-0.17537845589869083,2.0955689575272505,0.49150564724678397,2.22094466404026,-1.8410927106364183,1
-0.00811320161175029,0.9511949357000752,0.15808922532318442,1.4605306321722973,-0.7812915322638838,1
-0.7076258948220262,-0.044606481931012354,-0.7121738641760437,1.6128506204177788,-1.3501737500153799,0
-0.07938842440570287,-0.2013497735441756,-0.3004659487207037,-0.006975476192533581,0.27262958693098627,1
1.1927351654164147,-0.6366277266446133,-1.257868155908888,0.24515260050980014,-0.8171080521423296,0
-0.6277339060845056,-0.361007445839303,-0.2880388739220764,1.399681426055734,-1.2087117788831845,0
0.8814075289235711,-0.4068533312165833,0.7211353625455816,1.9360849292255482,-1.3016905709267805,0
-0.9680457585102453,1.3901217633910155,-0.31030770538490365,0.850256992075658,-1.4042338288786602,0
-0.3828171896129687,-0.8303520826147985,-0.12372894627483615,1.7347020204960195,-1.3387515262159717,0
0.018819049740598424,-1.0545256751150196,-1.1716543473175618,1.411245891299696,-1.09081190475826,0
-1.027403551526011,0.47651061258618155,-0.3732682459413141,1.1622634593235395,-2.0780978777133665,1
0.861636124497944,-0.5474624120310216,0.13906039865341766,0.8434160660746333,-1.0072128108844904,0
0.9944473755089074,0.031272254566880764,0.6460061871145515,0.30928599478689034,0.014366201031370984,1
0.6336610247740587,2.2149412223694442,-0.6981996746110497,1.5340700056227783,-1.1839095096509478,1
0.31952467078295543,-0.5476923178168525,1.653617268492285,1.8991135723719719,-1.42012908964272,0
0.3733485597113982,-2.908959751055267,0.3123782104665717,0.5107266044381424,-0.513371785116957,0
1.0651719657143865,-1.8527711112569127,1.4526167454861794,0.4171116645242309,-0.7308053910770997,0
-0.3856726309778482,0.5795853335873811,0.43450264609130573,1.7615566911191318,-3.9028471745189703,1
0.5872624134641767,2.0648247592201425,-0.20562785364324765,2.270839388271744,-2.6236216996200925,1
-0.7146806769904318,-0.481316501426587,0.5212799050138145,0.7821001656062345,-1.0807046238505211,0
0.6820694900626313,-2.0545268100754726,0.12617790366196718,-0.07873968425950162,-0.5448714296285859,0
-0.7811563781311142,1.565535430676783,-0.2598001407675125,1.7148032333452272,-2.1555877797526897,1
-0.7390286580232329,0.5925610106301007,0.6523303381766798,0.5499156260837648,-0.6152593615311561,1
0.47347189903522846,-0.38798831466962114,-0.26764109089879357,0.5867484292240519,-0.9156920414941447,0
0.23278674294016363,-1.6237436595696033,-0.7567639770159263,-0.5510143282694391,-0.3585900752144989,0
-0.24907184465304072,1.4646875900266156,-1.6728939013115742,2.3485554621930373,-2.5198080017535776,1
1.6690695258263315,-0.7242221084346567,-0.9425580057918765,0.10942547962916616,-0.7193908222790846,0
-0.4237596820227031,0.6427885237595599,-0.4534141083838538,-0.024771327595521253,0.33100930744441004,1
-0.0681234251679531,1.2560764067197803,0.3639706308527381,1.087972292415291,-0.7083348159161926,1
-1.372859451481064,-1.969514310592852,0.35147990035220167,1.341321231137266,-0.9079160805520102,0
1.5091310134045506,2.130113809847195,0.605606232631313,2.2805159038342175,-1.8385988522570527,1
-0.9951484818533795,-0.4999204608353873,-0.18150316213566714,0.7942078181822039,-1.038800743256245,0
1.4974316831796264,-2.2422047914645917,1.8577023435377324,0.7299441240091582,-0.7606806318423692,0
0.19259691873130513,0.8408235934481889,2.3921096352739926,0.06228465816360573,0.5407429407130764,1
0.012499321907250335,-2.0856485267311955,2.8684030556667683,0.6691494759718422,-0.6989274588260899,0
-0.7296024698074095,-0.8225622896995002,0.3614173172731029,2.1277859912928485,-1.3246437943809748,0
0.6927690318488607,2.1105375442725878,1.105833066294713,1.1268669966917018,0.6006136846512613,1
0.714609790636618,-1.4514779587544766,-2.049941278577478,0.7803861650614762,-0.8746890102984259,0
-0.3998990621311371,-1.4706740151085775,0.269294752580734,1.211563815149313,-0.9684930512687736,0
-0.15011695125380659,0.926307932559957,-1.2640061679473638,2.100464189816349,-3.3807769168910617,1
0.7793490039053323,-1.2132540752917662,-0.03901951937754412,0.3654278685638993,-0.7718740087153553,0
1.2949855848169558,0.3297940084941734,0.544220352340347,2.2037024071057276,-3.7587026511540076,1
-1.6885051880685,2.0233954952824305,-1.1200474224698722,1.1485684012305932,0.6518013424608329,1
0.732829081821745,0.16089121137439977,-1.2742321190767951,0.4161347108784299,-1.395991059558631,1
0.49406391897551966,0.7951921327709717,-2.854626662904391,1.5459398726372449,-1.5975400881887292,1
1.2002617497388293,0.10461381683916704,-0.463161362085399,0.49305039505447756,-1.0589812756980295,0
-0.8063769291180498,0.7747342616671269,0.07569494000509344,0.5393811206637957,0.427480920873498,1
0.9331280723410693,0.6840434676558707,-0.22272070077660705,0.6286390316722434,-1.2209548447265137,0
-0.6074722876203072,1.3012817900160139,-0.40436199269002276,1.1411400021582645,-0.2239676625521645,1
0.961987189071841,2.5844217382236745,-0.23701197001262772,0.9253850547528855,1.159521108266472,1
0.44130715169924584,-0.6470240214384384,-0.7331561971099966,0.876527962730904,-0.9934284688325037,0
-1.189232465077129,0.7924793154728478,1.0539857711828762,1.88698931321361,-3.4558555133859077,1
-1.3585740152574743,1.68498579627154,-1.0797363212758484,1.4783610005314105,-1.2806060371590884,1
-0.9741218462163683,0.36800606823520154,0.7034279167873088,-0.06687925059720179,-0.7541186228632809,1
-0.11522423255219759,1.9951453639968189,-0.3849428884100812,2.5063101007306514,-2.7789659960137065,1
-0.5964114079688799,0.9402109787397546,-0.2991817724274346,0.7677141170914906,-0.2854761182375143,1
0.9603047962814704,-0.38366913771586963,0.46248362406685406,2.3025780913730722,-1.5515542691942033,0
0.30170000890173554,-0.47062247527324996,0.1755362295785979,0.6213438450918939,-0.9951356023828902,0
0.4096361186839935,1.1524334262137095,0.356972759266926,-0.25782414059902914,0.7781200432352788,1
-1.9511018640386248,-1.839365699736312,0.1435879365051602,0.10381582084869168,-0.6308865157672149,0
1.3934545275244314,-0.6593181817658418,0.7105491022977853,1.1633798498909098,-1.088850933217552,0
-1.911316891662504,0.3624940363103579,0.09297924652940966,0.1834495116037178,-0.9232434908021955,1
-1.9093560875072928,-0.13679059304638364,1.3183023248526693,1.9058968756561483,-1.477035342478596,0
-0.856498237409199,-1.6431613929834608,0.0976703767483354,1.9794670239272907,-1.154959759874856,0
0.10744437434089255,1.2621022463101024,0.3873714806329899,0.4119458189684332,-0.7566905158477947,1
1.8688178405438531,0.9415768627627888,0.4197056083572659,1.2065568584061566,-0.8362289551958262,1
-1.6380290574360168,-1.7947399700988336,-1.7863754653546866,0.8826823199138205,-0.8689671885447829,0
0.4914294527201996,-1.6458362372472801,0.5697603571986468,-0.911095596538668,-0.19900091407269827,0
1.0626572907875265,1.500391217980117,-0.3756336657655356,1.5504761207147393,-1.2976839220750938,1
-0.6813802350695739,1.4266566731352224,0.9678260240252041,1.7357200287964885,-1.6296180787259105,1
0.07660907045165961,0.8730960628844467,-0.5117635579423034,1.6485142425237038,-2.0133754225632563,1
1.0800560591393102,0.601572459067905,0.9427885141400756,0.4593009771532226,-0.18330154094551332,1
-0.26265952031616774,-0.8249854137963937,-0.33638694541113623,1.3467513072421653,-1.1720249840562202,0
-0.12765468151819004,0.6258006070416566,-0.5606076368473096,-0.3509227441246654,-0.8662834645469855,0
-0.4545477187434442,0.4796375467704943,-0.218653277435036,2.403670943608943,-1.7889395275004292,0
-0.8873294588557712,0.3408204816133793,0.7717961772356612,1.3010024621219256,-1.9495483057014935,1
0.7918593103880676,0.40958229397406287,-0.5706404302001128,0.541862732764852,-1.066161486281049,1
-1.0921636327180897,-1.5585686786626298,0.8347513263248821,1.344895252007818,-1.0492761058802778,0
-1.0370660735699961,0.29162073498202856,0.66536893503283,0.9241314540398545,-1.681199217216811,1
-0.7393714074590362,-0.23114710540171146,1.1918993344135727,0.31822496321334715,-0.8094103470854732,0
-0.5182526388612024,0.9258985024340418,1.3252760904370375,1.8805243106021918,-2.376870766652587,1
-1.1996975283653082,-0.41161114974242263,-2.3161438629688766,2.5306603794402864,-1.6007925126104134,0
1.0126374096440718,-2.39312765199673,-0.1581538443723203,1.4556774520385076,-0.9108514138046584,0
-1.365824155415439,-2.592230866225452,-0.14896930976729691,0.24080683799392266,-0.607656166457827,0
0.54090851856099,1.2418655767777353,0.8761691671912328,1.437158260237209,-1.4969745617252541,1
0.1786947168104756,-1.0719463819702013,1.2292147842970504,0.1427924922404582,-0.7190294183321287,0
0.4004813865063287,0.06424517480644654,0.13106518621584873,1.758092516304997,-1.396288122714464,0
-0.9403989164843533,1.5262638299762754,-0.5607609069798603,1.1587722966402492,-0.3948921178386341,1
0.718417423471641,-0.6423458891055909,-0.15774698323148525,0.9120192649911809,-2.8433366303816276,1
-0.21596052035023222,-0.13714896627551676,0.9374774925069249,0.7201050909184639,-1.7652436661053614,1
0.39542098538803827,1.7061807571459344,-0.9575689550152122,0.7465068998680424,0.45035364399722777,1
-0.484173951248737,1.1531661354148088,-0.966246319753254,0.5808836235037371,-0.21463119019106325,1
0.8080361894020714,1.74404612129618,-0.8480655980305086,0.006782785639034783,1.4495489217666444,1
-0.8110008636288447,0.2527659592195064,-1.114046450161993,2.0034095172994584,-1.5669556855597397,0
0.5954908976392573,0.44489051274575675,-0.5898947564628909,1.0068608659811409,-2.137383464916951,1
-0.695694877197064,-1.7958604317913034,-0.9181269834165748,1.5017919397286104,-1.103109636776538,0
-0.12334406404611045,0.7128272148378973,0.3090474430326539,0.04121230956230382,0.21092574404129594,1
0.42154608353656126,-0.011722010905850233,0.2668183962954019,1.2786601324536067,-1.2069009394127748,0
0.2810092502818063,-1.7066925454636475,-2.132595626154836,0.49341196465229387,-0.7354616393940604,0
-1.8697416996954206,-0.663648658363934,-0.38852077518300926,0.8554917493825793,-0.9854510599082793,0
1.5301951988633513,-0.08263016740155005,0.664927162301741,0.5080676715180338,-0.9101777554038026,0
-0.8463597198869729,0.7161718570296811,-0.5849076534177698,0.2570689097713027,-0.16855671318076315,1
0.20953423026279433,0.757512184359522,-1.0916251721591026,0.7911070190890375,-1.8110806681175304,1
-0.863493604964934,-0.5476154902703373,-0.031203488939083975,1.843553952900209,-1.3559757766996487,0
0.42069963101847885,1.895145976545217,-0.5779207768327106,1.244756298921441,-0.674211472699236,1
-0.581782033392054,0.9758112306619395,-1.1738799644089726,0.5996501423664538,-1.281536859275649,0
-0.2563406783724922,1.7185535922373907,-0.5380477584901385,0.6001488681633511,1.455579104461831,1
0.5169465157483709,1.7808248394174977,-0.2215132629521239,1.1640233782997662,-0.27285769534399407,1
0.1455211977682408,-0.1753862437297693,-0.6141225650083162,0.183798996077691,-0.8020099745791215,0
0.1961314590239074,-0.9017246864180154,-0.9040682897360006,0.780959959488987,-0.8927597372356199,0
-1.5327005598899308,-1.8267039552571989,-0.1962806513879368,-0.48635129886653794,-0.46801766461247596,0
0.7595148874861078,1.3397845246152162,-0.29175863225853715,0.914529508189691,0.3149820688851088,1
0.5531491563792091,-3.4645448372573955,-0.5482002981667726,0.6053184022393869,-0.48644722924346717,0
-0.02230028371805306,1.3033387948487538,-0.6888855425754058,1.6684726956124134,-2.4503438567874256,1
-1.7938924978678903,0.03203705131171675,-1.3554475031122892,1.3232828620225887,-1.2848320192926652,0
-1.4152671919241875,-1.066325329145061,0.21853404241094568,1.0187653504531047,-1.0065080281417018,0
-0.7170161491279362,-1.667700255103103,-1.2845842656999693,0.6038930210141209,-0.7528281889976738,0
-0.06468860503251772,0.42973171498268625,0.07287409801551453,2.283645218233819,-1.727112831474913,0
-0.5501152829365389,-1.3907163503518158,-0.14702542343084998,1.3694812383726949,-0.99592417283148,0
-0.17791787580439816,1.5418400098165224,-0.912810919296513,1.7656903218734115,-1.0966737664728414,1
0.7978437798957666,0.6457584108761469,-1.8593367716600575,0.8914457739653893,-1.5101793887240471,1
0.33855287628591424,-1.7593886913348178,-0.9379255765363989,1.8545450050141552,-1.1945650500207203,0
-0.8220760118279274,1.2417139209029535,-1.2192844665221938,1.550960669601156,-1.672350804763629,1
-0.39767969361460404,-0.39767821813102644,-1.1840305582225594,1.1292880780290129,-1.156926767622318,0
-0.6065033882157399,-1.2054052935611674,0.4559041951707029,1.8775463388635738,-1.250566753022314,0
-1.0501407396021456,-0.15086661728938977,0.7574951493374855,0.7050480165017294,-1.0956788631973133,0
0.4258436586298291,0.36415327605858616,0.4182057558879721,0.017832371180970474,-0.8506204664830513,0
0.6813623265753054,0.44804643194374494,-1.1536922813398585,2.2101841646492737,-2.804610273335527,1
1.2795186697601588,0.2635932688101994,-2.2168188393540644,0.7222573828256604,-1.081044115398407,0
-0.5098066931908826,-0.979633710573885,0.03444101170584135,1.9748965069476534,-1.2782191298956973,0
0.1571279189909405,0.5737529971195516,0.17618982250269202,1.207825727062997,-2.4338644690984745,1
0.015182942540433121,0.9426791920753484,-0.9748065759228419,0.8867814530152938,-1.2237110305368875,1
-0.3600392687569827,-1.1611536335709445,-0.7280770978553212,2.1780707720942174,-1.3953261909328758,0
1.6296421311127987,0.95593665807528,-0.3726755839519746,0.31571573180015355,0.08941367540683798,1
1.4350873992222355,0.9908230931895093,-0.34730228895784293,0.6377777318872078,-0.5930636530738338,1
0.1493634822711889,-1.2649417471225426,0.36414029605466136,0.533240205198712,-0.8625189226908976,0
-1.7811584144656334,-0.3793843580343701,-2.230468019124459,0.46749696940288343,-2.5858176740722616,1
1.897767016745977,-0.6376797888759067,-0.9478927172689863,1.2195363771460717,-1.1431609401992209,0
-0.2775442563155516,0.5933862253801201,1.2912738390158789,1.3882783156143592,-2.8154635187705486,1
1.4069347458917507,1.5059321211573222,-0.4841184945848177,1.508020053433161,-1.416234459615926,1
-0.20252422706482995,-2.158977863607223,-0.5282970466629789,-0.9212512687356977,-0.19066108607579457,0
-1.0986204251778122,1.2950284174963091,1.4205042872710631,1.9776718788946432,-1.9777217439138424,1
-1.5708814571259122,1.3449859148259988,1.355572935710348,1.3051322515771742,-1.442166191874735,1
0.8407344821295493,-0.2128831187577207,0.2078025073533134,1.2379033018319878,-1.241804677843671,0
-1.7312013034449254,-0.7273928930237707,1.494938227453236,1.1763171254656406,-1.126170911783818,0
0.24608361531640882,0.5594683894786023,-0.8022800271395435,1.4026842107948732,-1.7903294184509408,1
-0.9858038086678267,-1.5502842898522338,-0.2841550979287972,-0.23499852851919156,-0.5116534208378827,0
-0.8810683366612923,-0.9718470066008701,-0.712220763649051,0.1502274769112527,-0.7170315550561763,0
1.4273053642892164,1.737483713920171,-0.4194347526585506,0.5191038322913575,1.078397552461721,1
-0.8682609615983323,1.0009422202021308,0.09781329309330739,0.5253415675487344,-0.7282166079901757,1
0.37021188994174087,-0.050617508067815065,0.5843141664353096,0.2896705139926037,-0.6916771525611569,1
-0.3152966552861244,0.5852827585137745,-0.941022700666379,0.7544990676670953,-1.0347464737215826,1
0.6032475005713938,0.11130110854565656,0.29815846599052565,0.8665032227105167,-1.203031867878999,0
1.592669998282884,0.8641687296332735,0.01934407081175429,0.8202224955204244,-1.5644124804098176,1
-0.8523867660741036,1.6894011599109078,0.4753656106920102,1.4697791438850802,-1.5879136344292424,1
1.7349365758368085,-1.8379962461644266,-0.8567720938267928,0.08887911661828307,-0.5374073913849456,0
-0.016610342325908987,1.279206112383203,-0.10581875749769788,1.1271073729213192,-0.6230205437751859,1
-0.5258796758952039,-2.588236607468902,0.17775010626803134,0.7625617821222722,-0.5732572418181131,1
0.11053531747394013,1.4886990809101663,-0.626315276183007,2.3277199883385387,-2.8167784908108593,1
-2.0993562644190256,1.8056161858537854,0.683223014788808,1.7743943631342742,-1.4065063810790175,1
-1.3944950688592617,-0.25623591318471184,1.0538915522958832,1.466331960105562,-3.328288761554961,1
-0.5694497744921104,0.6434610800752834,-0.12402138738999703,-0.5978334698257455,1.579485281057265,1
-1.8316822472060261,-1.1080539458652339,-1.0513099116393445,2.3502502280497692,-1.4782006701310115,0
0.518871180440122,1.1098163313865101,0.49580502102757085,1.400397029212682,-0.709370432736036,1
-1.5375847964491753,1.2280150650124373,-0.1449045790814313,1.1058944408039943,-1.3799611322769334,1
-0.09294420661358828,-0.010559774867020089,-0.23950192202174977,0.6008978730706991,-1.0630877878440748,0
-0.9457460606967811,-1.3462749832381498,0.6082461916849685,0.1268793967486328,-0.6492390080230142,0
-0.7955570679408823,-1.4760840636483685,0.4243939378610126,0.6674641770557428,-0.7014768549395722,0
-0.2430611988808665,1.0018525280729824,0.0022879361435040493,1.0325489785929594,-0.7173559148421875,1
0.6928557558178116,-1.2866625580377558,0.73463754545933,0.5274366245257189,-0.811721156106507,0
0.8419836954521269,0.04038952725910727,-0.36920720044744615,1.6291607843391773,-1.3866791040058946,0
1.2347519140447951,-0.0246955677681151,-1.031955242094435,0.30195666466077076,0.19162336477592823,0
-0.8130143722601298,-0.2633800043832899,0.8232799156777053,0.8451370073593807,-1.1173534449922344,0
2.1247714030169615,-0.8291118995507039,1.3313390619884031,1.1501159103157765,-1.113823552022218,0
2.0931979322099448,1.2488400126135464,-1.5118834195632136,1.1992976195592429,-0.9231395555930381,1
-2.1961278210999464,-1.0796101492073058,-0.16212397547985843,1.9887989781687043,-1.2826369167525453,0
-0.40930847409572124,0.8832167201253032,1.0059245117964166,1.1182078839134082,-1.5591707730254973,0
-0.27981034237700614,-1.1039623943425363,-0.9645377949101914,-0.12004208191737664,-0.6460385294916279,0
0.06783851391693768,1.8229091636414525,-2.0199273321561364,1.2854506777627002,0.5327115058710081,1
-0.7380570836613916,0.728296320517223,0.1812511626020504,0.6985997574334124,-0.30549538275709665,1
0.27658150559104877,2.017498635699134,0.008556080824349832,1.9050674568906218,-1.8622892094566303,1
1.3508523306990055,0.24073364116638774,-0.6536791406374189,0.8739807328805677,-1.037148038104943,1
-0.42359858172817705,1.0552698239150533,-1.3656174041901492,1.7591962452455658,-0.693377435125365,1
1.7549330716472415,-1.7353812670258022,0.01840163078343813,-1.7138509731840488,0.05708869605482292,0
-0.1131280525157404,-0.4087545426683211,-1.2992163634458243,2.095053321844011,-1.5165800005477035,0
0.8431053323232401,1.465189591686227,1.1628385775349859,1.1877389618299008,-1.2565660217820234,1
-0.8456731044941129,1.1420410469038649,-0.014098965906671578,0.14355666461361427,0.3724703368978215,1
-0.670115200454233,-0.8880244059719796,1.1717179147161598,1.3807846335882945,-1.055873688786461,0
2.3490757867007575,1.1566571165963873,-0.7160434362758403,0.8291817625439963,-1.607334607632086,1
0.6577631761503737,1.5657018467064603,-0.06953228624226938,1.285572624425956,-0.4764331566868989,1
0.5002404694365699,0.08076137965980679,-0.5336003064391669,1.0124384491999554,-1.2937936816295474,0
-0.8782632528234666,1.0095777881180086,0.09988695440921298,0.10040346322713589,0.3503719163673391,1
-0.4684961133603157,1.4424984472285067,-0.758765257935375,0.6012357276874436,-0.21163840166999448,1
0.5333592447054494,-0.37596739516436994,0.8394685045184047,2.058093471204001,-1.501908069226574,0
0.5861658003927833,0.25899519135457694,-0.4124138182164804,-1.1403473966466526,-0.47403121416094796,0
-1.4359095238685273,-1.6055898032801208,-1.315815816427507,1.709026944373489,-1.2147012590153674,0
1.2769653860881878,0.25061433973558844,0.33802348110170816,2.4859282866055548,-1.724511925505139,0
-1.176962112769968,1.3573137736600795,1.8205439079418155,0.6519466388502793,0.029270146086766813,1
-0.13216935564437185,0.8843490168802364,0.07227896538428889,1.8055234707170942,-3.098490202998776,1
0.7313802525749924,-1.924255832074205,0.5904220612514635,1.5976208884323313,-0.9375273698219776,0
-0.40968659262949736,-1.6057889063402397,0.7123221595801621,0.035050220017894596,-0.5597255829417515,0
1.2554036094598964,0.9941801113277794,0.9458696436841456,0.46622222087039344,0.07455323608606235,1
1.9725421767898081,-1.739825606804763,-1.385987942398998,0.18359999569039487,-0.4734512291070031,0
-1.0708524186844388,-0.8728491098757536,1.9114190871397234,3.0585834606396993,-1.7301135901561566,0
-1.5449373466767586,0.7134104227847398,-0.5393050144632704,0.7339916239561983,-1.8835232696406812,1
0.5720062783004729,1.064967586775386,-0.7047284356108838,0.6246840278966748,-0.8788483756194675,1
0.5737444210044131,-1.9461249204348334,-1.276304416538336,2.185479046675014,-1.2187359190959803,0
-0.09662367001488972,-1.6612831325773914,-0.4159669279473586,0.4842332738938204,-0.6494712091585226,0
0.1909165241437107,1.7216582399671723,-0.03633060804234174,1.7237109188507664,-1.7331395372571108,1
0.388978729352184,-2.466607335399438,0.25147360894051224,0.20709512236911753,-0.41367150144657716,0
1.159381043300522,0.24473393053049664,0.973101561015072,0.5780112374438451,-0.6899170774518742,1
-0.12951724686344077,-1.1839381360430785,0.5798572852951321,2.775508679452977,-1.5387859341791863,0
-0.48083378951197936,-0.9688852780330028,0.696167997159289,0.6450161509629346,-0.9686789207076563,0
0.34756161380355205,-1.6683630138049774,0.08669769941439659,0.24723265093380165,-0.6321082589645797,0
-0.5984375805810469,1.1191367521908775,-0.9665878909853152,0.8592275452783246,-0.9052486323004695,1
-0.09338685889994834,-1.9065150692257287,-0.5293321124483711,0.9304653438436487,-0.8438610634345459,0
-0.4611697320346189,0.8326330227419908,0.7565646749131401,1.999290706530037,-2.8409476011493844,1
0.03402741107223205,-1.1536602941165461,0.11137260184005242,0.8315723112836524,-1.0012939650273218,0
1.1815677164191463,1.0377687765823538,2.343654052812625,1.5649767784204824,-1.9551599484725495,1
0.2952799406208684,1.4120164130090842,-0.7764991404930003,1.0906164527668518,-0.7110489238666672,1
-0.8783230771797389,-1.6825398230009379,-0.3780078990182172,2.148129148488297,-1.3528814989379843,0
0.5964411375817527,-1.597862029776989,-0.6342858476894031,1.9050892876038752,-1.2115746010874344,0
0.14304876987895235,-0.32034464369044735,0.8496119885162131,0.6561798327785882,-1.0401988242899556,0
-1.5189108250900678,1.0839303958640223,-2.6307301368290634,0.3442551117031182,0.3472533607311301,1
0.6719446078144975,0.6593531549850408,0.3842020720058965,0.12970793933144997,-0.33708828002798663,1
-1.936752702502465,0.9189053698014176,-0.7613552698089406,0.8433496963794973,-0.8233415802981003,1
0.9495945713644882,0.5565910536442664,-0.059415181272494094,2.0145697291822313,-1.5976000811467486,0
-0.4174303819894322,0.5202526385250567,0.3440539215634665,1.074706467111375,-1.9681429857913508,1
1.3286408282482312,-1.0551862816147417,0.31318447386498,0.8616968771277991,-1.0392961846155329,0
0.20232879642280202,-2.407374161936458,1.631856899089109,0.17534959484628654,-0.4805679826923097,0
-0.8319549174944512,-1.6033320803235922,-0.6382827265284942,0.38975036686844844,-0.713136767763168,0
0.6789312900592783,-1.0238386919430633,-0.13699548944245826,1.650775948472461,-1.1431696722445663,0
0.9955815140020298,-0.8196756682261253,1.7031726099180378,0.8450207883755073,-0.9351619237882096,0
0.6709112482768751,0.8463505737323606,0.6037905202778941,1.4962513725763482,-1.4007136398469582,1
0.8595848723435562,1.5346495918684226,0.0798014840587331,1.838294779234542,-1.7376672380324298,1
-0.1237326800997567,-3.664032528969812,0.45780560992578506,-0.21080197729027472,-0.06386836320071365,0
-1.9782252493748103,0.07954668421267086,0.04693490206036963,0.40340213424485294,-1.1096492747839761,0
0.40805284683675586,-0.9447456825303951,0.5507975722736633,0.6185764586330361,-0.8925530322620789,0
-1.8210860692944963,1.3659935638863154,-0.5976676832548571,0.33323812907739647,0.31230426747437723,1
0.46654531145012695,-0.9427905312009739,1.3462257562027482,0.2371500827378341,-0.7477411013965528,0
0.18932830729237413,1.1027645729611963,0.29724427338012405,1.4549774526455648,-2.241182128202004,1
-0.13939720066323416,0.3984285419624598,0.7396531517246714,1.6454146355260373,-1.4962822494371866,0
-0.04737070254443595,0.5625573498636195,-1.5821767633461272,0.1365534964837012,-0.12919645092236398,1
0.17528677893392386,-2.22327373842229,-1.3367254388759306,-0.8553748502412863,-0.11661268502960487,0
0.3556689485632294,-0.16223255706955564,0.19157739619408962,0.21982569407831754,-0.9383729571767686,0
0.49470565377503267,1.1035070579477564,0.3834350314036443,0.5838378862536195,-0.12658592085354692,1
-1.9754877712171375,-1.3900713920606498,0.7510994545073101,0.7261472393812454,-0.7818559583566409,0
-0.7908817916945654,-0.11374722677135063,0.0340080962281468,0.5789562827079064,-2.035453934437851,1
-0.8468509661253646,-1.2287896620511602,1.2496189052966666,1.436409801568597,-1.1831195665683232,0
1.9234457948249533,-0.5256277818094768,-0.7746149700185819,0.4894718273772418,-0.99403515536276,0
0.6373246830230725,-0.2385885211492862,1.6163000427219165,1.0272129962190624,-1.958808759086798,1
-0.24269874782528175,-0.8539213530531746,-1.890010171182943,0.09630626473255466,-2.0297456177200175,1
1.481960768436536,0.27206476479040165,-0.28321803894523256,1.0677657924305088,-1.725998952703311,1
-0.9587784561867747,0.3589272275300217,-1.3525086894407221,0.34367342711301385,-1.5266414187389512,1
-0.6080061429373236,1.5911003192076145,-1.014479726707414,1.8948412792447562,-1.459313152576001,1
-0.47579544400490115,0.454268206711528,-0.8261119917145421,0.8770956027079281,-1.5495219150695152,1
1.4288577078135674,-0.7655321627500069,-1.4741321320421057,-0.605309816514388,-0.46092640427569564,0
1.1008213984226052,-0.8422225898860856,1.0613709648731335,0.34564995047543623,-0.683296648214245,0
2.049812095785926,-0.3627258861691891,0.000682818957482628,0.5241867858679891,-0.9981985060023558,0
0.678946987762233,-0.7489443485439249,-0.81240234893742,1.3854117265999006,-1.199786519933601,0
-0.1908722195531798,0.9392012919553165,-0.19819567637971988,2.1189156149724373,-2.384027323460704,1
1.191707497107065,-0.35905642398717763,-0.08371795984921201,2.052724844939843,-1.364900126565335,0
1.6087808557343735,-1.197327796539189,0.8282296901846228,1.2292102827027156,-1.0027442593349525,0
0.6662696720435232,-0.3230622780907204,0.5779785236395572,1.2849630074098108,-3.1082263895102766,1
-1.2905614219462187,1.7273416846615994,-0.14325891536419263,1.0490648841146948,-0.41159009421704407,1
0.8614365256328049,1.4249422290810583,0.2513166482381024,0.4650100519284397,-0.027826835318656373,1
-1.373402888969749,0.9897539193403143,0.5199021395287525,0.25737171737266795,-0.31804714845901627,1
-1.1195461283831687,0.6572205403502023,-0.39352985596972884,0.7768223023348646,-1.230590722048249,0
-0.45784838618248924,-1.9124650855575354,-0.15936223214590656,0.9124055500117598,-0.8815297986348423,0
-1.1979664292172616,1.5756981476837015,0.887079776446287,0.9175865498708773,0.20953439676163943,1
0.868772500590771,-0.15297515206830603,-1.1863364271098544,1.1093353922223148,-2.892454991043044,1
0.42548993324023027,-0.3635238774429631,1.197246923645228,1.8092322005386592,-1.4182310442199235,0
-0.964705425750715,-0.7162345519102826,1.628468554772322,1.9385354438647413,-1.4220483908983768,0
-1.1793691216326172,-1.4142858879249087,0.1722543864110375,0.541832820279854,-0.7233515497286008,0
-0.8617030702562581,-2.8167399234553248,0.03003147916408217,0.624550114243623,-0.5214424103148299,0
-2.0650830462563206,-0.8095124087051542,0.02845758118315888,1.6719229916940854,-1.3539332791231273,0
0.16429476537056906,0.9181861137092588,2.196223142152799,1.5303981709134242,-1.776699190630794,1
0.3308513046155777,-0.6035040886641265,1.4510014381313359,1.1738721915683532,-1.214505977113189,0
1.5898389781806839,1.0960393311796417,0.5740712208940013,2.1426492688743473,-1.8047771882859265,0
-0.6220348055543814,-1.127551039625242,0.5827375831738644,-1.567490538688034,-0.07403692497794157,0
-0.14994071907910939,-0.9882424397025105,-1.4331518145247122,0.415147207262926,-0.7860103170359778,0
-0.950910729687232,1.786300680149934,0.31852100479887446,1.2217479934454556,0.2526299159282581,1
0.3503702163863384,0.8627499960349826,-0.8443240371830714,1.5811718057170125,-2.5780304501150972,1
-0.7239903317426091,-1.5484354892373646,-0.19539035117702397,1.5857569842539885,-1.0926737663260018,0
-1.2883076174635377,-2.1349289697303178,0.2927154821418534,0.26908549326530284,-0.5875237304805121,0
0.2270344788648889,0.33067923763052465,-0.3240681752089702,1.6072520327653552,-2.4717479837994842,1
0.41055008532761655,0.046182226094586776,-0.2310694774576803,0.4002148213886897,-1.4648914395889228,1
1.6637328321434735,0.9894816435015269,0.30524312653135294,1.0159012072513658,-0.31852113119733816,1
1.259233239786799,-0.5290415350517872,1.1464408704007276,1.2768302298820622,-1.1840182504831651,0
-1.317131919946585,0.24901369510749571,0.7760279138434754,-0.08384988475802291,-0.9032520282229397,0
-0.23130094292969955,0.8821692377630866,-0.5764195763348441,1.5331448153895237,-2.633933793033929,1
0.5222506360177785,-0.7986336919896264,-0.09791524644290406,0.46502715229157054,-1.0220270171360228,0
0.7821300015314592,-2.7784699905129178,-0.7908993816675531,-0.44651919268166074,-0.25235489823314994,0
-0.531454551359215,-1.201581211674216,-1.5678594253654559,1.746427676974387,-1.2340452575013352,0
-0.6556877194614437,0.771045978600399,-0.2357112448566685,1.3059408455763906,-2.191081796707192,1
-0.6870140996994973,1.1825222520593401,-1.3505559643429832,0.9876682438094009,-0.42695403125777165,1
0.551885971822154,1.3476610803211222,0.6802302084176292,1.3684132041454815,-0.024237141565249143,1
0.8794170411374032,-2.3273734065230967,-1.0773760769847582,1.2231974608096658,-0.8003365667967894,0
1.3510728924131392,0.5779153004617328,0.8861911885847956,0.07982949916387583,0.3083241973250128,1
0.9784221120280351,-0.7000518919117881,0.5221425459339358,1.5185353151456011,-1.1578919577038187,0
-1.2374266382225725,-0.3173554082596618,0.10940847183297006,3.06820808619362,-1.993322388622044,0
0.20475888240178416,2.0376782097418555,0.7658782794806148,0.9800347597201934,0.3898307939277188,1
1.6043391083085963,0.927478089801034,-0.28509425704201397,0.6291030644699009,0.10725331465593246,1
-1.0084487325473497,0.657257160394513,-2.0858978777333372,0.7535275859030772,-1.7398986291237328,1
-0.19793772898468187,-1.2200311403178834,2.067906338163552,2.0009817069577145,-1.3136578835710133,0
0.026204752774035625,0.7752896098456814,-0.3035643252659147,0.46170113920339173,-0.6400485442596915,1
0.23144592252557222,-0.044132548472573974,0.6464895377257704,0.03411399716300656,-0.9519849303310195,0
-0.11480224875906367,1.7164888377116658,0.5667717261841796,0.5702632618718482,0.38808841705665187,1
0.2257615231117544,-1.0106957189382926,0.017613251933657315,1.0311163912165486,-1.1111866801916142,0
0.30734561670797006,0.023978743596113405,-0.24775241823970925,1.1676549570380275,-1.9180553392156114,1
-0.27999330187447974,0.3558998728763354,-1.2790307362197864,0.6789692492558155,-1.087853070097248,0
0.4042128652773319,0.9698676130855602,0.7158727446909593,1.3821686123533408,-1.4276925897926278,1
-1.1889634195349619,1.094009201533483,-0.0498801541281177,1.8857005409218652,-2.1628900648203904,1
-0.6668487169515637,1.1878064008441775,0.1979166673420755,0.9385159566835364,-0.6275177779184826,1
1.6994359830087096,1.1492327567887317,-0.40179502694163366,1.1865562334354849,-1.1278991875962867,1
0.3268554006104374,1.0762401489960363,-1.3892987302109905,1.3998336760487924,-0.9658742769352738,1
0.5681032051286461,-2.445511456254077,-1.0496554989099411,0.9240358721979247,-0.7247446994948716,0
-1.1571166187132709,0.3629101008395047,-1.3331283547778066,1.1420876409019298,-1.437408346104664,1
-0.6073544332122114,-1.4310355579874117,-0.07722104522304557,2.2409978919886555,-1.39918222848972,0
0.6188862980231536,0.6496100391114132,1.638359732270941,1.585085312696621,-3.0241975405874935,1
0.44477380783159476,-0.14398924351812903,-0.8256536828021421,2.5773928933832293,-1.6880941354764742,0
-1.0461210850625042,1.0179322209827784,0.4734074157124664,-0.3548258852716142,0.6453725026915269,1
-2.0173387981224113,1.3002209926205892,-2.832325924984141,1.4491738458043286,-1.722767204053972,1
-1.5515122490589293,0.6015906306513792,0.6620518347584733,0.2464435554061134,-0.48574094135858936,1
-1.2070216478572156,-0.2755801176363909,-1.0753123930492379,2.339209203263046,-1.6126277090396484,0
-0.19569853114690144,0.4113187852711333,1.0600897399086655,1.3693608634141308,-2.6843691746805454,1
0.4961991873633163,-0.6641201639949601,-0.535316712567659,1.538856170925695,-1.234894115766931,0
0.5070202721353568,2.4067519928342866,-0.05739536507403601,1.2823808422672,0.2519405203021967,1
-0.18826133508630657,0.32519216259478256,1.1931129458510281,0.21355592822096336,-0.3983541573218744,1
0.6863535550145331,1.569314627431981,-0.8388926740257363,0.6444360439652277,0.23376869384420296,1
-0.24861585376667725,1.7526569386848418,0.6266136372630706,1.7620889144510188,-1.2283573659533662,1
-1.58358838978758,2.2151449690579623,0.41299891213779755,0.7689557572054804,0.8702155785426262,1
-0.08923415422144892,-1.2491025027254143,-0.03757064497948127,1.040357409236744,-0.8843798245083131,0
-0.2885486958757048,0.12649323990899375,-0.7837535211244283,1.4227991502650217,-1.3732388152011412,0
-1.0584406336416528,1.4544995948839212,-2.4980610174929394,0.28271773458132754,1.034861383590708,1
-1.2445425000847228,1.9544930357402408,0.23286808742689824,1.7545103239011213,-1.2023090113394475,1
0.7751554940347829,-0.5682875844599927,0.5530400858523584,1.5650252783820702,-1.2696785311744814,0
-2.077811819856197,0.4906371279927795,-0.3202978045366419,1.5217808451776285,-1.451989104859166,0
-0.8927875154918841,-0.2932659409787376,0.5136144642310962,1.5378615419355954,-1.3925573202157528,0
-1.690671627606452,1.345031219833364,-0.9784995458666064,0.9789301862106393,-1.2571891659825174,1
1.6350663945275195,1.5957908206606932,1.311693449272661,1.3381146001859263,-1.28988649175784,1
-1.0642200068173489,0.48252306643080134,-0.009844808650383004,0.482534704257636,-0.6512111406873062,1
-0.1115088271429437,-0.39092355259525724,-0.8049664808525608,1.665328014907134,-1.26107621725418,0
-0.782003492511037,-1.9688131319818287,-0.7597031174802871,0.5686997955559077,-0.7488168887125648,0
-0.5955349351838592,0.4961458170842049,0.9005330773315916,0.6913232920995938,-1.0059168014023463,1
0.0785770297191498,-0.9820865310827187,-2.128734094414812,0.35761104607949024,-0.7672104130886643,0
-0.4485428365278611,0.5859464711431162,0.23855495377373903,0.9102482259423522,-1.1326649357718803,1
0.6405429350747734,-1.9456021929528022,0.12307820165618115,-0.14384887630696208,-0.453391276636425,0
-2.3716593608588923,2.0612481118089665,2.0420696529278803,1.5139514537535876,-0.01986869786532286,1
-1.5428032182428997,0.6372331046493721,-0.16063111952549436,0.5779625796811486,0.07136468005813801,1
-2.3869298701956727,-0.025153479932646272,-0.4958781720101493,1.2432197956561768,-3.438743116201298,1
-0.11464083550639245,1.371106540537046,0.26426827164563654,0.599692922376228,0.4687047665252584,1
-0.6083507646793376,1.4427645864138103,0.5925303073177614,1.730035105019657,-1.2350886887979446,1
-0.4547947173776929,0.809957075821939,-1.0398065310268843,1.0719925402056654,-1.203053731305983,1
0.5027844268951942,-0.596283186542643,1.7963608229269636,0.37206378461959544,-0.7746760334724593,0
0.4240668615184512,-0.4129615082012644,0.03944704824073949,0.591304714496687,-0.8772269163092036,0
-0.6922503292658964,-1.0117276630191403,-1.9689231424160831,2.2248362820397647,-1.3618643197128826,0
-0.7999405067019342,-1.6671357237328814,-1.9080021371233076,0.6707156878223496,-0.8406538289558734,0
0.13988723283912738,-2.0843262061129453,0.996118214911129,0.050810675087225365,-0.5907816986619276,0
-0.8638829605897661,-1.9199039445403707,1.279464931657751,1.1771767651078258,-0.8685507023925064,0
-0.48827384245154465,-1.4761488910855534,0.6333268260712385,1.0168454646975245,-0.7583791799476796,0
-0.3021805869826214,-1.1632827852556686,-2.6031370878272986,0.4092251692486464,-0.7924188400046424,0
-1.1818741254208012,-0.9309566224701853,0.44947391283230687,1.285741651283823,-1.119326642055821,0
-0.059826143529903696,1.4400029197143374,0.4935602043342916,1.566018270772989,-1.707564678763747,1
-1.0921212003485672,0.5370475216743863,0.1353383478922909,0.2115416647055025,-0.40572673621421773,1
0.9003985883950636,-0.6454098979559887,0.4512253193185082,1.37189035804496,-1.212986528768916,0
-2.1782113197314303,2.3290814751300086,-0.5294669635070083,1.1420692272036979,1.2401421615271904,1
-0.5655763678739901,0.5994352993364109,-0.4713157211511178,1.0581410770598259,-1.6871065079652123,1
-0.0626482221218215,0.3154509082063165,0.2412402484067293,0.9004833507504302,-2.432415356387107,1
0.22526411724754958,-1.0351812542294565,0.6927227551168597,0.7361071507331969,-0.9001198889824304,0
0.22668424849459717,1.1574627093103624,-0.5615577463306254,1.0116055598214528,-0.7780954662476487,1
1.4185313451480366,-1.8922247710555191,-2.4878086565350794,1.5417606114819296,-1.0321714064274123,0
0.5859042011646491,-0.9604314095852355,-0.736770135947622,1.2232826230351392,-1.0370651058119729,0
-0.39305275706140097,-0.6436243867368592,1.00163182520856,1.0502469419531621,-0.9852769439648149,0
-0.5717460419560616,-0.4235837175467072,0.3326075103241977,1.2768280183910155,-1.2161419031561065,0
-0.6724855960063362,-0.22333724928989307,0.22327083592026087,0.1818497385035096,-0.7852634429316112,1
1.6147787907098514,-1.7849258742965386,-0.3220281544920584,1.0957241344440802,-0.9845929418203296,0
0.46027162498230384,1.7305797917049925,0.19484234027013805,1.483059554560373,-1.0044152122396766,1
-1.0196953197088567,0.3961228974366723,0.2063617713254507,1.2606912543748972,-2.0818481491883665,1
0.2525688459966235,0.07821133677506409,1.3845320475939062,3.1004132975273047,-1.9510792511840007,0
0.27908385834518495,1.7693974188499166,0.2915636766819725,1.6332852051715105,-1.2670106319001864,1
-0.1858457521927471,-0.5109787499204217,0.3099989831655548,1.5296462291775592,-1.1886494152204938,0
-0.49653173548196905,1.2276508630564014,-1.1534924259847839,1.2775345605166986,-1.1698018276683948,1
0.3896045240919878,0.762355035469918,-2.220421008935126,1.2238519767516078,-1.9471146150416883,1
2.2724347204468818,-0.9547154174395052,0.8890371222798921,0.6498379319345267,-0.8321733618865634,0
0.05898422158959733,-0.9984073360660615,0.4468725008026977,0.08826576532353336,-0.6676354020678977,0
0.9583858198420424,0.9762502414096541,0.0516609768510798,1.4817789473548402,-1.6188968848280891,0
-0.8051717517428763,0.5793728172051232,1.0768481446576803,0.49468747850125727,0.2446936501507211,1
-0.34254920085776497,-1.1026960114378188,0.1704637709965709,1.2876558843506956,-1.0275172634720102,0
-1.1115802495135512,-0.8543896632264363,-0.035825578706462934,1.4521044853122644,-1.2021977001244437,0
-1.270061088712032,-1.527705797588717,0.2869558543017087,2.1854379241529873,-1.3379821216371097,0
0.9411818664199697,0.41353793320171306,0.19189773587303607,0.23403128187712718,-0.3490294316352611,1
0.02263085267686914,-0.13545294844538436,-1.4055630538562867,-0.7444535820007561,-0.6726965969339425,0
-0.5347566708443231,1.4814296605568344,0.29497145570882155,2.3333477379564167,-2.114302506104316,1
0.6928575842374367,-0.7390161500136903,0.5825713188088052,0.5051791047297622,-0.9217940024229752,0
-1.340072071123935,0.9985460744082968,0.43221669075925395,0.8129139448591711,-1.0238812499928513,1
-0.6573725539947244,0.8864199339584339,-0.048965030858450255,1.3834550939363934,-1.839945443864612,1
0.22749587573205374,1.4741827880165825,0.635967750711738,0.5728396030436811,0.266803793150288,1
2.01527511046064,-2.4378547418143164,1.2906444609225471,-0.6642272197552905,-0.2106400977904921,0
1.813407698515423,0.9641230903859099,-0.3428788615575641,0.40557421331763177,-0.3692205985160105,1
0.16048962397348007,-1.2417268129860282,2.2125310393972426,0.2586515851236798,-0.7844863871072948,0
0.19548173155329082,-0.9176053469220987,-0.09884520123930605,-0.6790783870393655,-0.45975564240853917,0
-0.9855396007209299,1.2847278251308827,-0.9697437196346744,1.4273651477563174,-1.1381616228915128,1
-0.9627325652846123,-2.693619346761412,-0.20661127969604665,0.39129537057376773,-0.5260765305728489,0
-0.20035257779416388,0.9423541458868469,0.23184209213484805,0.15009751520718007,-0.5295755324388849,1
-1.3954485047550718,1.3840691536134433,-0.7079109406740752,1.6782575438080813,-2.215584572352701,1
-0.15830547800966377,0.3181748784879317,-0.18385389315920966,0.7639318229184073,-1.6168532873267818,1
-0.5555467794868666,-1.3370588866572346,0.20438903160297678,1.6105087396684457,-1.1774818407077563,0
0.8524686434329506,0.5190730375460411,-1.2291835978004162,0.052109868639244716,0.4844412145107986,1
-0.9163209190734197,-1.6264062888613553,-0.8369207037962799,1.642842888062062,-1.0990642252990777,0
-0.5193963718261266,1.124818391388212,-0.3409078773460798,1.7131321205192522,-1.6624866661660875,0
-0.07587145068502332,1.497323834079656,-1.6846675772263868,1.2190297295363897,-0.626270758449297,1
-0.29424250563645765,0.9261081425968507,1.356583385827982,0.8934069858664943,-0.3673943919597149,1
-0.524567013767051,-0.41946638776974576,1.3522026788671444,-0.10218805077435245,-0.7877212531612625,0
0.6102161695892225,-1.5054854527195611,0.15697296096843422,-0.258900871648607,-0.47820174891454736,0
-1.8400777445057528,-1.1034726418952563,-0.032280611049470324,1.4394028051616174,-1.1113349359691758,0
-0.15032046027187207,-1.606060763265353,-0.32669621318636405,1.4227144514834726,-0.9941764963864087,0
0.7034401331388942,0.9201519664755784,2.154928677383142,0.39408729785583263,0.5543814118931334,1
-0.4787585715216887,1.3719965717798082,0.35947579754712566,2.2484476988595983,-3.661853997644658,1
-0.09445871444200275,-0.7738705523951624,0.41960997202411815,2.621597285621645,-1.6711631775114264,0
0.1847104747810833,-0.9317973074287432,0.937915537510655,1.6945909092316591,-1.1951910622598199,0
0.690472686121513,1.4332862777891215,0.26561699317253346,0.36653012459052503,1.0500352951085148,1
-0.9846547848472624,1.4100735014046855,-0.7925234471152126,0.6810612550850182,0.5114621077302766,1
0.19042388992505774,-0.5819821581326547,0.44921872128503426,0.9972664579391463,-0.9249364078004138,0
-0.7090209576304904,-0.42754529756719384,1.9532591375265682,2.3744723304232274,-1.5035096585210002,0
-0.6143231440962944,0.770134674432321,-0.7097889922335351,1.9573612708151105,-1.7207352021721278,0
-0.7790927393767005,0.9607416425887791,0.20323595458603103,0.1286913318746481,0.503273236667644,1
-0.0827150238964932,1.0635720071337693,0.24309172766069878,1.1172394142645337,-1.8357037274506252,1
-0.4519493719118777,-1.3834708603183734,-0.7893385057196743,0.034652353766310595,-0.5582800671383306,0
0.6870657958589163,0.2059617709261834,1.466540859278603,0.6172990282815729,-1.0343232284483108,0
0.42934082280173436,-0.988626495200021,0.3796396483859655,0.5474079015771853,-0.8814484235480786,0
-0.002403840918853844,-1.2762064076491961,-0.5892716517893062,0.8874741065685825,-0.9095859274094646,0
0.4802605014059249,0.9180385296904306,-1.0551076754804494,0.6727503667213407,0.48038698053929063,1
0.7424589135926202,0.9442105527334332,-0.6375875420759638,1.9683571083648408,-3.0114761038210744,1
-0.21406769772786138,0.7985443513657351,0.3794053976051097,2.280977775718391,-3.4185657256812774,1
-1.1967886464263116,-2.111200569331279,0.8936976893891109,-0.34904494517004814,-0.31489581543060663,0
-0.18144906924751675,-0.9725884015221001,-0.10633700253131496,1.046274784339299,-1.0606988720409933,0
-0.5530898169141323,1.496879335426062,0.6958638390937854,0.26938626434517954,1.0750991218883104,1
-1.6891830379672617,-2.1749537325516157,-0.47126374070251964,0.9429457070234926,-0.7521081121582167,0
0.7127120288613313,0.18540616298320245,-1.8831502080585838,0.8720887888617026,-1.2024068016721299,0
-0.3631166611555665,1.2156765736343293,-2.00745686074501,1.87639732883293,-2.3085688772144577,1
1.0294574815983573,-1.021022624373667,0.8723153800284503,1.005693887932935,-1.0672110841058653,0
-0.4949654803680733,1.494632820979725,-0.4975724983092141,0.650074247139466,-0.7258053042417243,1
1.643378155804534,-0.677862205917187,0.36064789143579495,1.2103002875584248,-1.1019227626767545,0
-1.2021495260760888,-1.837463763402638,-0.39568071175626385,0.7327562684759674,-0.676607438792899,0
-1.4720370730267915,0.9548397939576202,-1.37383482489866,0.6621419098365922,0.24560375255111766,1
2.095843501809159,-0.4128094151887586,1.5944423917491968,1.3794529805226172,-1.1419564793459778,0
-0.6082265074447593,-1.3619812989855364,0.3631156277445234,1.5368412087460226,-1.1627676976777157,0
0.7499002394237102,0.9587613140645191,0.2792678382165259,0.7281816475627152,-0.2701195685356683,1
0.7114105794654954,1.4116428275358757,3.1129102010438414,2.6737698452118375,-3.641294442782794,1
-0.5806483025539507,0.15612274410629534,-0.6113852473886279,0.0060709277186771216,-0.8401565444959308,0
-0.4597646158304763,1.8188532883279107,0.5433908278718096,1.7472909589205763,-1.2336265728037317,1
0.4283166923752375,-0.5649525969917737,0.07715649621771674,2.249716019918755,-1.447839047786683,0
0.8929538701087693,-1.5181584729360988,1.8296202017160872,-0.21656842862265435,-0.5320568216136912,0
-1.0056013756894657,0.3480241336186699,0.36016418394576694,0.9359713127449268,-1.629131785334987,1
-1.4990159604584012,0.014909824433250396,-0.09184476433495513,-0.19745813636783827,-0.6616529873031965,0
-0.524662407066803,0.43700032432374214,0.4936548476431509,1.7344748415923361,-1.4855800900678908,0
-0.22104246353705057,1.0716184976031313,0.06936980265806943,-0.43366374320358436,1.9095622507340124,1
0.240205843946223,0.9626620618322284,1.2531328247682434,1.1408150864075757,-1.0757669510868269,1
1.029413100955326,0.22397679468453824,0.796701927070742,0.71826158967102,-1.0237086929392374,1
-1.6610834155671725,1.010315765934379,0.5032520647495048,1.7801977944526712,-2.4731594685083245,1
0.31745326125017487,-1.280028635018241,-0.33286040438251097,1.4974957088430736,-1.1934238311086753,0
-1.055089368176695,1.3916519643913872,0.12626773623406817,2.192733233882008,-2.060199665980364,1
0.2908970575900059,-0.026633379347504205,-1.9955317804517385,-0.13333321870569703,-0.6600643602693035,1
-1.3569355696995753,1.4274470563589048,0.223153054747697,1.103085498665096,-0.670576372686633,1
1.3784696274615047,1.6434204058650383,0.1158245872269461,1.0339274196472756,-0.996953459351278,1
0.8875039674140593,0.4434407352193417,0.7608466543114778,0.19502469441117276,-0.925004169384524,0
-0.9701242603796436,-1.016477324494372,-0.3975577654917214,1.1363786417293238,-1.0352688802807017,0
1.3625628527124518,-1.6587946597241734,1.6406145634882872,0.5386638031791726,-0.7015382621566861,0
-0.09139955750911515,-2.3076014394555364,-0.08087849786546193,1.1753540662325705,-0.8622260347221455,0
0.386382653848061,1.1430687978781704,0.8377642215465891,1.9353512821852377,-2.148078965165049,1
-0.22565638071225164,1.084493060286959,1.3890243629627617,1.64093385656575,-1.227536457603761,1
-0.10047572057170599,1.686723981231954,-0.057390703001542885,1.0417588653630059,-0.4481514368889469,1
0.48730523704499484,1.3316921977176155,1.0719298652117972,0.8899990002617373,-0.6952693314883827,1
-0.41790954576589057,-0.5320282981422428,-2.025807873111377,0.9495220093173242,-1.0839373938042725,0
-2.1047495057190146,1.0666608137111828,2.042177910534731,1.9591515025738022,-1.9674894727182073,1
0.9552692372072055,0.24185239057213592,-0.038742894989543024,1.2980032303357403,-2.0155987937259248,1
0.22899639245934025,-0.887292868773089,-1.8579014513982872,1.0193447996694749,-0.901215104063293,0
-1.0952705188428047,1.5764617560775929,-3.1767038131960006,1.4949478958644087,-0.8738606543691336,1
-1.1869933883057449,0.7288420396305254,1.0578141808207961,0.43127533952176667,-0.269860407736081,1
-0.5865312695639355,-0.008098743080953152,0.224216404290793,1.050422148088957,-1.0816121097360651,0
1.649480894323921,-0.9977128334976534,1.0706105599791862,1.4946145081858453,-1.1343352862977811,0
-0.5176925728692147,-0.8277260336108663,-0.08809124402907328,0.7439888182931589,-0.8950942576015088,0
-0.099094300241269,-2.0632532767909884,-0.6028206557839616,0.9400066795158031,-0.7095369966525602,0
-1.1036698285303692,-0.10879438807780206,-0.33078922432755736,2.344532268041039,-1.6643866438450552,0
2.2816518365388427,0.4517877510701829,-0.6176416769336966,2.0145766983804574,-1.438925687909454,0
-2.929448690002268,-1.0457008569786699,2.052972024501663,0.9869410003587562,-0.9893311115580636,0
0.46436986354657417,-1.201919327956582,-0.5505519317084877,0.2872025747957805,-0.5906771364529835,0
0.055863939844496904,1.9707692326214366,-0.30964971398806085,2.11929506103976,-1.8051525723910746,1
-0.6786430612941035,1.4521309975995822,-0.3182375277426204,1.8048762615647416,-2.025945775495245,1
0.1458364702153839,0.6127302760563674,0.5852994365163381,0.9590188074352115,-1.8384444297707694,1
-0.44594371386116016,0.7199268497152642,0.11314045705302281,0.9546933547900741,-0.9730175404514221,1
-1.2926253471522626,0.5088983265138554,-0.5321685631271895,1.6140666840621312,-1.5164740587882206,0
-0.9733788380270346,-1.1615764169078322,1.0071333364731596,2.0280988573946477,-1.4079138781853247,0
0.7060789138151315,-1.2218398405293622,-0.24268127681203333,0.6464178213127494,-0.7426320516673055,0
0.6445184916452914,1.95043925837756,0.9282456913443246,0.7757565275779529,-0.20830879396199697,1
-1.6158867874104728,1.929824291543846,0.29964768783734813,2.86234154226052,-2.3123069813646313,1
0.6324542166423008,-0.6300586927733491,-0.47417817510396487,0.5624124015873012,-2.885995038280053,1
1.0417246640588513,-1.0009650722096746,0.5835443030118876,0.6856867513969973,-0.9870685725686438,0
-0.8963326585920618,1.5338510249896724,0.21930233720043607,1.862664957759176,-1.6637723975676364,1
-0.45763324933761523,0.9448301862816995,0.18568858041873892,0.6305112660677157,-0.3796011627898659,1
3.152056734512085,-1.1148121563939466,-1.123494033239598,1.50512165037836,-1.215986262252065,0
1.991553302204734,-0.5447055450985339,-0.8320613048498566,0.669600017322981,-1.031774190186735,0
-0.23811043631205406,-1.296042614384402,0.04600274725327412,0.3323808442828483,-0.739862700759863,0
-2.1523835446091804,-0.9643676111726212,0.8764556455029355,-0.11263345613506948,-0.7152171782427389,0
-0.41222074502447015,-0.0654382128022627,0.9134737320174066,-0.26662720138078266,-0.7955257149071582,0
0.6715311717290534,0.5549732788113899,1.5280313593878327,0.8147210586472217,-1.2305229189595026,0
-1.4840566649243352,0.5975424860599544,-0.2084682105404079,1.7515067302290492,-2.253882658067842,1
-0.17280173739646437,-0.35532559714071044,0.7719201548366751,1.4910126087746256,-1.2671322670174674,0
1.6672241115511366,-0.316743775259104,1.5232386217122578,1.7345749542320474,-1.3897457686263957,0
1.4521176991825604,1.5004776410785952,0.014149264965758293,1.0131613603890717,-0.8717338325160207,1
-0.33912227927003896,-2.2225832614043064,0.3700611152689556,0.34928992401750536,-0.5994892738874729,0
-0.9899577925520139,-1.7113826870432762,-0.0350076100062359,0.975934941986768,-0.8816345005567057,0
-1.5630343065712535,1.46258115504595,-1.1794596645077804,0.1341399397476779,1.1379245259440918,1
1.0683793336940164,-2.2868664252573696,0.604120889588518,1.270704583726511,-0.8442067049322596,0
-1.3650217954266353,0.8802124585574221,0.7014947819247145,0.1876401844876372,0.11631707038577987,1
1.369701107654185,0.4032898338260612,-1.0860545821180863,1.8014225342334615,-3.7057423476726337,1
-1.3668583632808264,-0.3453373878432987,0.5925672738473307,-0.11358338020364078,-0.808586744805559,0
1.1168337755299542,0.15516485814180725,0.18641616974404632,0.37411758885788937,-1.0996554945680723,0
-0.9005903525360619,1.2428301388322467,-1.1327849512677453,1.1750107804601684,-1.169568117998097,1
-1.1430193120737286,-0.4808243468999118,0.8201581867554845,1.4481612361919658,-1.2068152591021881,0
-0.3187483152461331,-0.2578295511970663,-1.029811848541845,0.7391694982732855,-2.2360608096550623,1
-0.024232833869692143,0.9876172866943559,1.202451247983072,0.31958097279702524,-0.7282260078455789,1
1.186734620177331,-1.5975735595089111,1.4363354057059785,0.05215744023226154,-0.6381988191280162,0
0.2783486346446696,1.0813592950328725,-0.5092133625991345,0.7591032115043344,-1.1000987493079735,1
0.43477006455689116,-1.058548273598618,0.47543068252662346,1.7049583855926547,-1.1837984976170475,0
-0.5893322314273619,1.0373241511736844,-0.4586386361010845,0.9889687135731089,-0.4054820860941324,1
0.9976320769202445,1.571936476858494,-0.2867942357382693,0.08685215726996409,1.8824241155702137,1
-0.05152292852464606,1.299712931595573,0.5030903686237468,0.5029538067269503,0.3430826023854021,1
0.6455877121741934,0.7038742004858995,0.019381237698025213,-0.036299826395641555,0.02111053271206953,1
0.9788895585567791,0.43557222412037655,-1.3717431292635054,1.1559698467020052,-1.3601659947246731,0
-0.06407776414871663,-0.5927732867186455,0.5362909095171899,2.024382590625185,-1.4237011805167845,0
-1.3927354721669964,1.0936685003735231,-0.034550623953963515,0.6495930568994199,0.01914013453786434,1
0.2620668090867255,0.9377318867538063,-1.9495617177543672,1.2695957452996582,-2.3727288961351514,1
0.1386451837100845,0.5706590552923541,-1.0861262991814098,2.1762354370943244,-3.2012179778193808,1
1.0973001875437087,0.6436762427905555,-1.5656480316055963,0.8966159096674944,-1.353016706250956,1
0.7309589763762162,1.0689580390337488,-0.6506598273683838,0.21325392101146767,0.7591698147900261,1
0.30767665340111383,0.7824789236399121,-1.0955193888455623,1.7382322793407905,-1.5433247470076719,1
-0.3899237065594453,0.5072565823171353,0.15805348992013185,1.1668488184054446,-1.2840442812348845,0
0.2867741123825862,1.9892223125999693,-0.14720527868559727,2.9493526082354915,-3.785312184142087,1
0.15449366559525113,1.2035140147016805,-0.3365525898781734,0.9911757362317104,0.0781485545921039,1
0.38837572923016833,1.227156350999832,-0.09482423128087224,0.37311848029850736,-0.6059493352169134,1
1.149672018878747,0.9050511803440993,0.2965769385303051,1.6800250364641294,-2.0380572356255735,1
-0.11081256027908741,0.3259924075742975,-0.3882430535215386,0.18151494451146355,-1.1708165589332258,1
-1.6685992588781953,-1.1216712584090311,1.0587285298838789,1.594259448039689,-1.1639948859797442,0
1.2005316584738726,-0.8228349936328208,0.14035986984804696,0.15841467998054348,-0.6906911787028123,0
0.0828325705180999,0.8287237021209211,-0.7281719009698155,0.3350329024060339,0.429806706510909,1
0.3074035697196884,0.8942300644022051,-0.8246122504347609,0.875342898799148,-0.512189300994211,1
-0.3405987069098616,0.5819334735512096,0.500143033113884,0.6184873369958641,-1.1433908505262194,1
-0.14214653694054596,-2.1448511244861708,0.3386873179216896,0.12764063126362202,-0.34882742766811203,0
1.44194500580189,1.792585034494547,-0.5123742406766936,1.604087952896537,-1.431985888058156,1
-0.5966290586117302,0.7735010277206034,2.0979393391324312,0.20232964092092598,-0.26603046637812533,1
1.1039335467019071,2.2049992984230062,-0.25628082425157245,0.9485389531459899,0.6804750447129442,1
-0.37185788227866556,-2.202923532586831,-0.7284616216803428,1.1806634993517553,-0.8732878426350449,0
-0.23596998721097162,-0.41493814311098487,0.7441857103150346,0.12466771091125117,-0.8266836981540842,0
0.07268052432934134,-1.3125186713681793,-0.4114931445621802,1.8943066316212318,-1.335606938713977,0
-0.9938626748348534,-1.3096302044503356,0.4201915428949916,1.9448481238052726,-1.189966634684616,0
-0.9849931258170151,0.326370596992696,0.1986800095474069,0.9382157243022895,-1.2504377147249854,0
0.6030946849488336,-1.5835785675322196,-0.8505352787470439,0.8888644787530743,-0.9440919423444362,0
0.5320061988219431,-1.1116795282921104,0.3616610612470166,1.5954054014050318,-1.2628368768546863,1
-1.2931415437586478,-0.4076715820251958,0.5723903111756757,-0.291493755379431,-0.7033660656499586,0
0.216624975404619,-2.33894777813106,-1.0257526836402773,1.8705477473033214,-1.0619853310059306,0
2.4851899166788916,-0.2853664575860956,0.2647753109779796,1.6541927602929065,-1.3618952105243491,0
0.4217800742508709,1.0396702208644601,1.310191908080897,0.8979993790376366,-1.126029439992613,1
0.5148835960763721,0.4565734453982888,0.8199252526352341,0.9533809290875669,-1.6820716697280023,1
2.0860470495371137,-0.7197124037609649,-1.0147594931858521,2.3534369314466446,-1.3870679451427288,0
-1.8518427315746586,0.6331622831765624,0.7835896647986067,-0.1579276078650924,0.518074285370111,1
0.8467707752164937,-0.4633863210747272,-2.1272274203514954,1.431290905203749,-1.273423580208344,0
0.16801534053252842,0.8375140613902001,0.9452115346114832,1.276495437817014,-1.6708344473423105,1
-0.08743532877718112,-1.0377758474735193,0.548319627554499,1.8792962616175664,-1.195271974416788,0
1.855503314794263,-1.4373250583010517,0.22423474453529177,-0.2287368085475694,-0.37707351351563123,0
0.8227827808340025,0.9906030055902755,-0.9626510119189764,0.75571633747893,-0.1838254090599113,1
0.21668311896428621,0.6093436355452655,-0.3033500674771342,1.7023890052083432,-2.1535213860472364,1
-1.500221861446936,-0.12740716950369047,-0.7788370428204348,0.5337040231889658,-1.0567162850373053,1
0.3467099776049199,-1.4030309348788124,2.5115565515844236,0.7829857310846688,-0.8282392038068693,0
0.32445860435251705,1.4829768841152569,-1.803862792562365,1.911965176493612,-1.4807474488672128,1
-0.7798529462216388,-0.28077407356381845,1.0819848092499422,0.3741563642338508,-1.0376564158926171,0
0.05225849049748321,-1.4209914820500127,-1.060605066396601,1.9405745391875144,-1.201997369553657,0
-0.9046143749937661,-1.4875245046396968,1.1727568452674448,1.2876189951911479,-0.9896168333564921,0
-0.7068925679873489,-1.6162100145717635,0.8555556590207121,2.422917839528302,-1.4381549121550794,0
1.9203675021442612,-2.7825380969942017,-1.222895019555564,-0.4678701801093552,-0.23670721964595676,0
0.6954024745502987,-0.7237020542798579,-1.1410085097527383,2.32345632444234,-1.5347469522730472,0
0.8811467208133691,0.3963082212318789,0.0013256887344072295,0.6408450204907283,-0.6013975026037959,1
1.1663705456692521,0.6148276606555841,0.5309756619640905,0.8023133886706699,-1.101488376806799,1
0.9778155496862003,-1.551407398682145,-2.1056469418403245,1.043767306718822,-0.9466886459710477,0
0.3207857259326839,-0.5922359961195295,0.19405194360587402,1.0098338985065662,-1.0111149012705152,0
-0.3464265060068996,-1.3263151992050943,-1.611567359102828,-0.2053802127121822,-0.5025623875972407,0
-0.6538983883255765,0.2985883471976504,0.02731337985143867,0.011854180033291528,-0.32651648059691596,1
-1.0105982199289136,-1.0029808984142456,-0.5152183938082429,2.1473412815407165,-1.3826262438566146,0
-0.0809173376626882,1.2619111704451922,-3.1704257358780557,1.8586534601739522,-2.322069826119066,1
-0.7316317389085281,-0.4673958671552073,1.8904406851557827,1.9014795540504912,-1.4105301373106234,0
0.25719897035592737,0.16043447810449218,-0.24066517453021302,0.31700231641342913,-0.8997461231556132,0
-0.07744346072599365,-1.4719140238771187,-1.1952937635992447,2.3559591342159436,-1.3106814145895724,0
-1.183056184734389,0.4046307945007124,-0.25276325509618536,0.9680884971634502,-1.0650675733565322,1
-1.194522939766035,1.3178290893222442,0.28580328679473294,0.741464551543864,-0.04377298960516485,1
-0.0059547092127293835,0.847646661305727,0.784002779310748,1.4688458284654389,-2.3708269675609106,1
1.1806409124521444,-1.110198519590306,-0.6273134459513027,0.7909875708110132,-0.910081380923468,0
0.00788018469472816,-1.757825007491456,-0.325611052148504,0.5215901743545415,-0.8592129851840427,0
0.29094736433948537,0.41805711487997965,0.9578396311082676,0.7288118480701666,-2.2163930194838093,1
1.598321807641033,-0.5668011193103974,0.7335478135058658,-0.26545835019813535,-0.3744483168065228,1
-0.7353034606819523,-0.18609097130946117,0.7214793237573432,1.5783542528650136,-1.36576210259191,0
0.9826831427699412,1.9197065933825508,-1.4000707231830092,1.5140145456557046,-1.4805226283062416,1
-2.391956204313024,2.407880789504703,0.8447743757816999,1.576228885337664,-0.604540127090047,1
1.2395840064415615,-0.8257354896559846,-0.39622967810175985,1.8812372022836426,-1.297454748826196,0
2.184096733380456,-0.8980443372844997,0.570507208354516,0.5819810152004774,-0.9772947105720806,0
1.0960699074773985,0.6362656650848535,0.4253213083301104,0.5699803861872765,-0.6793294434745281,1
1.0484826510505925,1.917891520840967,0.4877748210843382,1.5462684869148682,-0.10345416334274404,1
-1.307369782230964,1.0655873690555508,-1.5978721344948377,1.6488577914978775,-2.481609073606106,1
0.9324348709546673,-0.08304310130072667,-0.4151002889633696,-0.034790657328941155,-1.3562214377938937,1
0.018016872044446585,-1.6478436454476006,0.47263034584340563,0.34885262200056444,-0.6346527335166954,0
0.012828643543685113,1.1879672658638802,0.4798270353668327,1.0049049543391528,-1.0257661769662108,1
0.5062409893059261,-0.7292754035307736,1.4473056993918065,1.0350833049182098,-1.1250435910074936,0
-1.5769964821909972,0.606397899924864,-0.8028244439508423,0.7763801146272578,-1.271568994516763,0
2.169936588080543,1.2856193592852427,-1.423682636883923,0.7004218981624664,-0.2527849436465224,1
0.5878558881377351,0.3587861642809478,0.6197387847028688,0.170998203742317,-1.5400248939715686,1
-0.8239354869719998,-1.0352435409541374,-0.7191094514491861,2.332075939092225,-1.4894197032245478,0
1.1701987091966037,-2.1856490891967875,0.13429649724779288,0.42495660539783264,-0.5802163616902445,0
-0.6135876053627944,1.534980089187481,0.19624094066672046,1.682284694247309,-0.8173919888660838,1
-0.7717719573928751,1.3950193793456271,1.6095206657759729,2.3416910792329872,-2.7456890139366017,1
-0.8162172445419648,-1.3509145466880748,0.07814306296964744,1.2155964394103902,-1.0184124621275135,0
0.3243402100148682,0.9432487296500751,-0.5327254982169035,0.724750735100224,-0.49459137985126445,1
0.3957988487097468,-0.34222935576237523,0.2635508119547848,0.02514438272049957,-1.0522204271026412,1
-0.09170602414512598,0.3778936740092991,-0.8877695115385407,1.643361844848609,-2.3555180593875003,1
-0.45965677227299695,1.081547180177645,-1.079842447781487,2.1076384312982546,-2.5559567004244235,1
0.24365722370271442,1.9940490281660717,-1.0902084067994298,1.6841501190161001,-0.7746414337543395,1
-0.04902934083803654,0.18103146880982957,-0.16036008104483013,1.7238913070658737,-1.43909532298459,0
-0.12517442838316423,0.7016212483820343,0.8468821038849139,1.7647516320283057,-2.4834989009184048,1
-0.4835614838465371,-0.07451722934095029,-0.6121669171548207,-0.16379675555694484,-0.816566118149663,0
-2.0217986399619474,1.3789281353526126,-0.10128071870153288,0.7212322436398586,0.13290643972360772,1
-0.7330329955239894,-0.37257361710415837,1.8180619225578247,1.7422843800285803,-1.3870241937495145,0
0.8622235118869771,-0.24095206360199262,-1.4162270557926455,-0.04301255999246778,-0.4836886436699025,1
-1.0385438208439723,-0.07754571953055389,-1.6312758154609455,1.6435392136750475,-1.3820674298709543,0
0.9513062442994834,1.0019597931399082,0.5268979236657937,0.8983081407645115,-0.5381611505237125,1
-0.3613105619672905,-0.29082212039631483,-0.06418416128881928,2.2715148569299908,-1.536993519255057,0
1.471034690817104,0.6048459942748006,-0.6994952201676432,0.8539011469923976,-1.5957019231892782,1
-0.7493576894227776,0.5487807114099544,-0.22153659758373817,0.7412347721090944,-1.030230997486337,1
0.2766007655111806,1.2253705555532017,1.1954806508254787,2.3371963238484694,-3.597960658425997,1
1.1947628618769377,0.0395915478164488,0.8946471875738723,0.8315807163438157,-1.1556647805540718,0
-1.121243740094392,1.336430276031037,0.9294099847908157,2.1456759073089398,-2.3177387828869485,1
-2.9069882193216414,-2.312391735963523,-0.3748220566218061,1.5576292428556147,-0.9874535333688094,0
-1.153332403205745,-0.24596189871342378,-1.6873443471107104,1.624451185711591,-1.3668657146002265,0
0.8721970000729778,-1.5197507418281364,-0.3150867311941086,0.6250134614727165,-0.7495405378424851,0
0.49120766541199645,-1.0230236311191239,-0.35802937974698634,-0.20099622180970722,-0.5862853652169937,0
0.53102609489421,1.2184530364855135,0.1488768039176911,1.211345214020991,-1.2099364754941329,1
1.3111674978026244,0.2733438833306555,-0.2243189708781048,1.3314046700711348,-2.694262238727125,1
-0.10343122429028392,-0.7960733288589964,-1.2390527025266425,1.1312311100533297,-1.1578704078712918,0
1.0703651602299298,1.5866930869093225,1.2718924219386565,0.2954609187424042,0.6280343791936414,1
-0.49693202511797824,-1.9736304604731725,-0.18256897437954112,0.7623233197667817,-0.7120721165566122,0
-0.37231905293792283,-0.02748521521528635,0.4373131870389607,2.459358637485388,-1.6552814121980464,0
0.7547332980678092,0.7070609591855679,0.1994239859867671,0.772064023562023,-0.7734715903530976,1
0.5265366836723071,1.5639563348825676,-0.47741070619280046,0.4932729562748205,0.4831975236590609,1
1.105900424357309,-0.3225254147766601,-0.5639474880582432,0.5080391055574863,-0.9893262822727026,0
-0.4776455826040052,-0.37114919881197683,-1.2551353719733949,1.5162202716817272,-1.4129724842529336,0
0.6523061516102304,1.1006259515461974,-1.6313351104170732,-0.15634865901350303,1.0992145098586548,1
-1.0701915628943317,0.5416569138357896,1.719040612841821,0.27534933760560154,-0.37100998665960283,1
-0.2843846496065094,0.05322355822209124,1.5905820726178506,2.250549009078408,-1.6496189390707818,0
0.9515497705740432,-0.031602917452642654,-1.0211624575603007,2.7043739323914,-1.8546203241461794,0
-0.9245641143780997,-1.362538559877212,-1.597599169595432,3.3895987356398942,-1.6916714499501064,0
0.003147726906326633,1.1086701763689468,1.229990368438683,2.159933791047785,-2.191810073486205,1
-0.2656045602861052,1.563964580000682,-0.39987823866837147,1.387212625325386,-0.2955240528270757,1
-0.294455757588034,0.8506161960041235,1.452755545126183,0.14580172275745784,-0.17342320608723438,1
-1.514470309180767,-0.9818453576991093,0.32159321133923857,1.827327452224785,-1.3490845639842117,0
-0.5663945912147232,0.6167845192608901,0.8316167861804036,1.1158375142618369,-1.509946958832273,1
-0.6108576398050658,1.4340058096922852,0.5044832563830169,1.0265400645334357,-0.48258448694278955,1
0.2678436378663333,-0.5488147422848468,-0.8235349706258495,-0.9996708417220324,0.3264880583188565,1
0.38130961226478466,0.7891174273263013,0.3116528560047783,1.05634779392304,-1.288836575164104,1
-0.9928660010855455,0.4507353820552674,-1.4452052644122255,0.41686534857662216,-0.5508878537380659,1
0.04556388114189831,1.4105796370339763,0.6234071382799156,0.6905052340888729,0.018487157937972398,1
-1.2719190011127228,1.67419777660965,0.2113965674706589,1.8830975414697653,-1.752656238320587,1
-0.3301200939664503,-0.6960839329474644,-0.2116669819311769,0.49970426914964394,-0.8907752573301244,0
0.31110999114319526,-1.96441536871945,-1.8896492920961532,1.3253926852538556,-0.8080155867374744,0
0.6654168236917787,-0.005332675701751111,1.9412174364637491,0.8771761389986208,-1.2003763926806585,0
2.3883719928704386,-0.43930756658659353,1.184256645196173,1.3941133169517483,-3.1915568938141488,1
0.5457867135323555,0.7935014392942099,-2.1715714047604475,1.799853298898453,-3.284082285103917,1
-0.7342333219710379,1.0197873841995702,-0.14152963733784743,1.6660620672492388,-1.9231776665689897,1
-0.8360621521000249,0.77396701071319,1.424495821246948,0.9583321662800348,-1.1312877568359576,1
-0.39719531614598763,-0.27765847070141036,-1.1022697404558555,1.0923637549285625,-1.1866095877089053,0
1.2676515111879738,1.3990992182179052,0.2887280030098363,1.4139336618550495,-1.2818380971499381,1
-0.30085974714082625,0.07457753175216153,-1.2094769354188053,1.8364911615848674,-1.4301728615447349,0
-2.704391631602775,-0.14837435399694854,-0.6298845523638104,1.064678702612006,-1.1966062272444529,0
-0.21566763754763232,-1.0727197983976693,-0.8729610904537004,1.034976832382185,-0.9206410160995683,0
0.8396638644311888,2.5840894933791807,-1.357517539841935,1.4375822330438393,0.5778689505220962,1
1.146027575013415,0.9284679728848222,-2.837506441397379,1.3265401560092394,-1.4229629937198376,1
0.7564883543160984,1.431955592557005,-1.9140600705874673,0.9933360562362028,0.052543606500313755,1
-1.388542553831211,-1.717042078969453,-1.60027110450371,1.6961599731792512,-1.0161363631024343,0
0.31635832153614474,0.6263068529593969,-0.8852486861242225,2.415246299324859,-1.8096925519245306,0
1.3931812579349059,0.8367252245896885,0.8393491142316022,2.002887248403373,-3.4732943044644875,1
1.2960630617813962,0.935981963928461,-1.1071568168024517,1.8612353214618897,-1.615393538001185,0
-0.9916966634403105,1.5010291741666832,-0.6328802748847919,0.6469458126117689,0.7276314519475231,1
0.9753124584779789,-0.3035492984602083,0.5156280884439565,1.1251836152201018,-1.2075666992350524,0
-0.5969742867210739,-2.3323464464842054,-2.390304367469438,0.47367149419921906,-0.6189507600333455,0
-0.4536363875916828,-0.19354676936330262,1.7262265456356325,1.0601859636010438,-1.9762981072026338,1
-0.06263957732723487,1.382233285981977,0.24312345851289308,1.2485984911653656,-0.43940018870245046,1
-1.7760117540484022,-1.1869702551980894,1.063940987560856,0.5570566545299023,-0.8478741763098809,0
0.04522270899998256,-1.7731158157037434,0.05119790188108534,0.7111314980399737,-0.73352854535618,0
-1.6826586941226858,-1.4061667944082563,-1.0240285908863795,0.5345309632651778,-0.7294985062457252,0
-0.5376457577798165,0.35487046194776284,0.655403829850237,0.0902628100500883,0.24591214855050425,1
1.8566474365619547,0.6238852968952696,-0.4817659710934752,-0.431136642877306,0.9364650015100962,1
-0.4327738835883887,0.9835806301021225,0.7938184671438159,0.42906162692294325,0.033047170013311034,1
0.7228268949855121,0.414151644941984,0.11179915820338826,1.3041684265267497,-3.437861948419814,1
0.21060083929764178,1.4653690597340683,-0.4884760801103597,1.199407489292487,-0.37840568265335905,1
1.0753434019568977,1.19515803766714,0.2106684652031108,-0.09352983989980923,1.0084084084963427,1
-0.06040372919690829,0.7291299108497928,1.1277802506338985,0.6421986578688957,-0.8479037098981421,1
0.9235086160473687,0.3341288129148481,-1.0506233218278012,1.0563330188122504,-1.7567187465959888,1
0.4535087125544674,-1.607309309105049,-0.9822940342546795,0.20708400823803585,-0.5587633109509094,0
0.2243396567780826,-2.2146433244100594,0.9040175547613144,0.006265770345381783,-0.47368899238251194,0
-0.7625192391465982,0.8303079944636098,1.0363028920724797,0.7093044661574658,-0.9154413093060069,1
0.5914421517518549,1.6907958026536236,0.6802203604766911,1.8373562217657309,-1.4683268267467948,1
-0.22247489677826537,-0.34812825787907065,2.046862195719558,0.4293760848754783,-0.9030192489144411,0
0.049308331520222654,-0.583871033876281,0.7688396759688971,1.7047991420301392,-1.3921714367050946,0
1.218194711754256,-1.1286498029647107,1.057368305378225,-0.9896895131950221,-0.4115383103692959,0
-0.8561698406617501,0.265671659699688,0.03556607403299353,1.7288310003953635,-3.2609553533309006,1
0.4441983272906719,-0.6386335207588683,1.1013229577357622,1.2720599723242119,-1.20121700344724,0
0.4581681147886987,-1.5917262033208437,-0.9797212247168068,1.1409898474703697,-0.9030558043498806,0
1.2066081548639151,1.629753478145303,-1.5271678565896476,1.5850987938666623,-1.1007596822121668,1
-1.0973683189710666,-1.74289146528087,-1.4769249275319014,1.5035889234703963,-1.0723792135836505,0
-0.45909031021899177,-0.8933162680997521,-0.6946003691631446,0.7785465649014269,-0.9210195274941169,0
-2.1770650464428547,-0.9664308784769245,0.17847666388538974,1.4725013912652094,-1.1908016551194116,0
0.23384802578959837,0.3830265157263373,1.0354434164169448,1.277101860213493,-2.737136893209746,1
-0.4114266071160025,-1.1446519981771692,1.1539007342557475,0.15499132693815332,-0.7174522215208436,0
-1.8311448783383502,-1.4087404054724666,-1.2284438312657626,1.247228426109268,-1.047786850255247,0
0.6855897462984164,-0.02895629210885442,-0.1416485860101269,0.30271929306724077,-1.4993508874961243,1
0.5376299029498797,-1.0129474964024068,0.4281862478105761,0.6410100549546855,-0.874375765862595,0
0.5055892418358746,-0.01952154472253964,1.4891131083282896,1.6917407901341464,-1.3282837467906106,0
1.2495049007061587,0.04957462958017245,-1.3327773974796497,2.2786977748984727,-1.682926270519084,0
0.3791531187261241,-0.5244979875244398,1.2302221756507876,0.43847801830951105,-0.974089724992581,0
-1.1274960989530387,0.7837366306627823,1.1279089932535693,1.6049721402722241,-1.4776957627695277,1
1.534482101794515,1.9149708493260307,1.1223742187031596,1.773447764898966,-1.8116483534237184,1
