X,y
16.24,784.5027999999998
-6.12,134.1432
-5.28,183.2552
-10.73,489.67870000000005
8.65,278.2975
-23.02,1553.9912
17.45,983.6774999999999
-7.61,94.9063
3.19,52.9083
-2.49,198.6003
14.62,789.5931999999999
-20.6,1243.8400000000001
-3.22,129.14520000000002
-3.84,6.446800000000003
11.34,325.2768
-11.0,203.07
-1.72,63.5652
-8.78,262.85519999999997
0.42,99.9792
5.83,183.5567
-11.01,334.7103
11.45,480.6175
9.02,433.1512
5.02,306.73119999999994
9.01,321.7903
-6.84,170.2068
-1.23,44.408699999999996
-9.36,272.1687999999999
-2.68,-35.0128
5.3,243.0
-6.92,220.9092
-3.97,62.932700000000004
-6.87,291.35069999999996
-8.45,299.1775
-6.71,10.442299999999989
-0.13,124.7107
-11.17,334.3667
2.34,-114.33319999999999
16.6,856.6700000000002
7.42,135.14919999999998
-1.92,-62.3908
-8.88,395.9132000000001
-7.47,174.37269999999998
16.92,854.6392000000002
0.51,-23.3597
-6.37,83.43070000000002
1.91,30.8243
21.0,1291.89
1.2,329.15
6.17,9.7667
3.0,39.72
-3.52,-8.858800000000002
-11.43,322.6847
-3.49,-29.249700000000004
-2.09,16.874299999999998
5.87,197.4907
8.39,331.6263
9.31,330.6883
2.86,-16.831200000000003
8.85,428.13749999999993
-7.54,349.3248
12.53,648.3226999999999
5.13,32.8007
-2.98,89.7812
4.89,143.7663
-0.76,61.2228
11.32,442.3072
15.2,749.02
21.86,1404.3388
-13.96,706.3748
-14.44,764.3108
-5.04,140.8348
1.6,14.21
8.76,271.7928
3.16,155.8068
-20.22,1214.7952
-3.06,99.0308
8.28,133.14519999999996
2.3,54.79
7.62,47.72319999999999
-2.22,-97.9048
-2.01,221.97029999999998
1.87,24.6507
4.1,161.8
1.98,-254.9188
1.19,-18.5217
-6.71,118.49229999999999
3.78,-11.954799999999999
1.22,19.435200000000002
11.29,296.7623
11.99,557.8703
1.85,77.1575
-3.75,-71.2525
-6.39,171.9663
4.23,86.12870000000001
0.77,163.8687
-3.44,142.0908
0.44,-110.2492
-6.2,38.60000000000002
6.98,246.6012
-4.47,-71.2073
12.25,511.1775
4.03,-18.107299999999988
5.94,157.74080000000004
-10.95,414.53749999999997
1.69,47.0183
7.41,91.04430000000002
-9.54,277.3848
-2.66,144.2468
0.33,-17.133300000000002
-13.73,611.2087
3.15,195.6375
8.46,406.6648
-8.6,378.35
3.51,52.2403
-13.12,527.6831999999999
-0.39,-16.2037
-16.16,733.2267999999999
11.21,361.5923000000001
4.09,-89.9157
-0.25,58.9875
-7.75,152.7275
12.74,601.0528
19.67,1266.7267000000002
-18.58,1175.9491999999998
12.36,381.6288
16.28,773.4452000000001
3.38,-37.7468
-11.99,276.37030000000004
8.63,157.41070000000008
-1.81,-68.4417
-6.04,223.5048
-12.3,180.96000000000004
5.51,143.1103
7.93,164.29469999999998
-6.24,72.0428
5.21,51.8323
-11.44,440.2007999999999
8.02,184.16119999999995
0.47,239.4827
-1.87,31.170700000000004
-1.02,-42.9588
8.69,174.57829999999998
7.5,148.13
5.29,244.0123
1.38,61.0232
0.78,140.52519999999998
6.18,-10.842799999999997
2.32,-31.562800000000003
6.83,147.9067
-3.1,9.780000000000005
-24.35,1850.0674999999999
10.39,430.0063
21.87,1399.2807000000003
4.41,-227.86569999999998
-1.0,-88.28
-1.36,-113.5012
-1.19,63.4983
0.17,205.4367
-11.22,412.97520000000003
-5.17,263.1667
-9.97,333.00270000000006
2.49,131.90030000000002
-2.97,59.8727
4.95,150.0475
-1.75,-82.5125
9.86,261.64879999999994
2.14,165.5488
21.91,1534.1143000000002
-18.96,943.9248
-6.47,234.09269999999998
9.01,367.7103
25.28,1890.6752000000004
-2.49,53.0003
0.44,-55.8292
-2.26,47.1628
13.31,548.1783
-2.87,-12.819299999999998
6.8,135.66999999999996
-3.2,-22.529999999999994
-12.73,556.0587
3.14,-33.8412
5.03,112.30270000000002
12.93,530.6347000000001
-1.1,-74.18
-6.17,75.32669999999999
5.63,127.3407
2.41,155.86430000000001
2.81,-39.3617
-0.73,-9.7913
11.6,386.05
3.69,-133.4917
19.05,1074.9175
11.11,446.48629999999997
6.59,209.4143
-16.27,747.1387
6.02,163.29119999999998
4.2,29.03
8.11,234.06629999999998
10.44,421.58079999999995
-4.01,-17.139700000000005
8.24,252.66279999999998
-5.62,-68.22679999999998
19.55,1245.1375
-13.32,378.68719999999996
-17.61,924.9662999999999
-16.51,799.7803000000001
-8.91,325.33430000000004
-11.19,555.5682999999999
19.56,1129.9807999999998
-3.26,33.742799999999995
-13.43,436.2347
11.14,429.8188
-5.87,204.1707
-12.37,577.7107
8.76,131.6028
6.23,30.088700000000017
-4.35,148.22749999999996
14.08,689.6591999999999
1.29,-199.0077
16.17,703.7467000000003
5.03,-142.5873
15.59,711.0243
1.09,18.7343
-12.2,482.42999999999995
24.49,1845.4903
-5.46,156.1648
-1.99,2.8103
-7.0,-3.1899999999999977
-2.03,34.7427
2.43,93.8347
2.02,-128.0088
6.61,35.2963
17.92,1084.4992000000002
-1.2,168.34
-12.33,410.57669999999996
-11.82,289.7072
-6.66,74.2268
-16.74,758.7827999999998
8.25,159.4675
-4.98,157.68120000000002
-3.11,-162.1937
-0.02,-203.34879999999998
-13.97,780.7827
-8.61,142.9563
6.75,256.0575
6.19,-68.58169999999998
-4.43,145.73469999999998
18.11,843.5262999999999
-13.06,413.9508000000001
-3.45,-102.96249999999998
-2.31,71.47829999999999
-27.93,2237.1347
19.38,1027.9132
3.66,108.55680000000001
-10.45,485.3974999999999
20.51,1305.9103000000002
5.86,130.11880000000002
4.3,134.45
-6.07,278.3147
1.06,-20.459199999999996
-15.26,601.8227999999999
7.95,374.9175
-3.74,184.45280000000002
1.34,-115.0232
12.02,515.7712
2.85,66.1175
2.62,14.493200000000003
2.76,-91.3872
-7.33,21.10669999999999
8.36,155.90879999999999
15.43,708.0546999999999
7.59,337.9243
8.85,96.07749999999999
-8.77,333.5587
-8.68,248.31719999999999
-14.41,705.5343
12.32,658.6071999999999
-2.54,-24.0052
14.0,602.79
-7.82,16.28720000000004
-4.38,-8.4268
0.95,159.8775
9.21,457.94230000000005
0.61,18.836299999999998
2.11,9.136299999999999
0.17,47.1667
1.77,40.0987
-11.16,599.8968
0.81,-98.0717
-1.87,-157.0093
-0.57,-72.5253
4.92,-64.16080000000001
-6.81,151.48829999999998
-0.85,8.7975
-2.97,-121.8673
4.17,49.8767
7.85,156.48749999999998
-9.55,298.5975000000001
5.86,39.92880000000001
20.66,1241.4568000000002
-14.71,621.3623000000001
-8.3,340.56000000000006
-8.81,120.33829999999999
-2.79,-33.8977
16.23,797.7187000000001
0.13,-6.2093
-6.95,261.5375
6.22,86.73519999999998
-6.0,143.65
11.23,382.6187
3.05,-56.4825
13.89,549.0563000000001
-6.61,129.2063
30.31,2677.1882999999993
8.25,464.8175
6.55,152.04749999999999
-0.51,106.3403
-7.26,325.7028
-8.68,427.4672
-1.36,-173.7612
-7.97,127.46270000000001
2.83,-115.10329999999999
-8.26,156.62279999999998
6.21,81.03229999999999
9.56,128.00080000000003
-7.06,261.5608
11.93,555.4547
-2.38,-52.7268
11.55,469.2575
4.38,143.9632
11.22,444.8252
-9.97,163.39270000000005
-1.07,248.97469999999998
14.51,841.3403000000001
-6.18,66.6572
-20.37,1199.4907
-19.43,1000.4947000000001
-25.06,1946.4907999999996
-21.14,1341.3788000000002
-4.12,100.1232
12.79,449.6422999999999
-4.42,-66.6208
3.24,-63.5972
-1.1,-57.099999999999994
0.09,15.9443
-1.68,-13.292800000000003
-1.74,87.9728
4.61,132.5763
-11.76,509.29279999999994
10.1,336.69
9.2,440.52
-1.95,226.8075
8.05,146.26750000000004
-7.01,42.66029999999999
-5.37,164.20069999999998
1.56,67.0308
-1.9,92.08
-4.49,11.700300000000013
-6.72,34.045199999999966
-5.57,78.41470000000001
9.39,439.1763000000001
-19.43,1113.3547
3.52,107.7812
-2.36,-38.5812
7.28,72.02520000000001
5.15,0.5175000000000125
-27.83,2099.3667
5.85,38.11749999999999
3.24,120.8328
0.22,5.4752
-4.69,-17.611699999999985
8.53,213.92269999999996
-4.13,78.1507
18.35,1094.3975
5.64,23.2988
21.38,1371.5531999999998
-7.86,219.62879999999998
-17.56,1031.4107999999999
7.15,29.297500000000014
8.53,188.7027
0.35,-178.5125
-15.39,627.5962999999999
-4.48,94.9212
6.18,286.4972
-1.84,-12.6632
-1.16,-35.1232
-1.75,-89.7625
-9.34,126.02679999999998
-5.33,0.0566999999999922
-14.27,673.9687
17.68,729.1572
-4.75,48.0775
4.78,1.2252000000000152
-10.22,209.79520000000002
7.95,214.3975
-18.73,974.2087000000001
9.21,146.71230000000003
-0.35,-56.9925
21.11,1183.4462999999998
-13.07,349.01469999999995
0.76,-76.9372
3.67,-73.1133
12.33,546.1967
-4.23,46.488700000000016
0.86,-113.1912
-21.42,1366.8492000000003
-8.3,277.78000000000003
4.52,119.93119999999999
11.04,538.1148
-2.82,-55.4128
20.56,1397.4307999999996
17.6,893.3700000000002
-0.61,9.7463
-24.14,1663.3788000000002
-17.78,845.5652000000002
-7.78,364.26520000000005
11.16,563.7668
3.1,59.42
-20.94,1399.8908000000004
-2.29,38.2123
16.13,939.7307000000001
-3.75,-134.8925
-7.5,332.77
20.55,1099.8975
0.53,161.7527
-4.79,283.82230000000004
3.5,-87.56
0.17,-69.7933
-4.29,54.9823
12.08,522.2392
11.16,157.7168
8.41,197.48430000000002
-1.03,70.8027
11.47,474.2427
-0.5,66.77
4.67,21.176699999999997
10.34,280.6468
8.09,140.9543
17.9,1215.1399999999999
4.51,-41.049699999999994
-16.84,876.0168
-11.6,372.98
13.5,531.38
-3.31,65.9783
3.87,-12.2393
-8.51,222.02029999999996
10.01,256.70029999999997
-3.85,118.7975
14.58,598.6591999999999
-5.32,91.66720000000001
11.18,376.49719999999996
6.74,325.7828
-7.22,342.7752
10.99,243.40030000000002
-9.02,165.2312
-8.22,57.595200000000034
7.22,118.48519999999999
-6.25,105.4075
-5.94,33.700800000000015
-3.44,67.6908
-10.0,245.99
10.45,319.50749999999994
6.09,-78.00570000000002
-0.69,62.4283
-1.08,-96.5108
4.5,12.840000000000003
17.65,993.4374999999998
8.71,81.76230000000007
-5.08,177.4792
7.77,205.3387
-1.19,27.3783
-1.99,-131.1497
18.66,908.4068
-4.19,57.11830000000002
-4.79,36.282300000000006
-19.52,1082.4912
-14.02,574.7712
4.51,-31.049699999999994
-6.95,127.5575
5.15,130.7675
-11.15,281.20750000000004
-7.67,89.64669999999998
6.75,121.8375
14.61,591.2062999999999
5.92,94.23919999999998
11.98,433.9412000000001
17.05,696.3875
10.4,479.62
-9.18,229.41719999999995
-1.05,7.9775
6.3,-4.1200000000000045
-4.15,22.59750000000001
4.52,27.591199999999986
-15.79,640.4322999999999
-8.29,179.5623
5.29,-74.77769999999998
-22.37,1724.6307000000002
-11.08,385.99920000000003
-0.18,44.5272
-17.19,910.5483000000002
0.57,-83.4853
-8.0,195.15
-2.92,-244.46080000000003
-2.59,-85.5557
1.89,64.6063
-5.64,65.3688
0.9,-218.91
-6.01,-40.31970000000001
5.56,173.86079999999998
16.94,681.4308000000001
1.97,14.9027
1.7,-177.32000000000002
-11.64,493.2988000000001
6.93,193.7847
-7.58,262.2392
-8.09,159.68429999999998
5.57,128.5047
1.81,28.8883
11.07,235.15470000000008
14.43,631.8447
-5.4,17.40000000000002
1.28,-119.2048
17.6,813.3900000000002
9.67,390.99670000000003
7.13,234.53069999999997
13.06,473.9808000000001
-6.05,-96.4725
6.37,179.60070000000002
14.09,711.2643
16.21,851.3323
-8.06,169.48080000000004
-2.52,-123.1688
3.83,34.996700000000004
-2.89,-65.1437
-3.92,-33.3708
6.84,132.1568
-3.53,-26.677300000000002
-17.88,965.9032
3.62,131.7232
-4.24,-96.78719999999998
-7.32,187.0072
-15.66,776.4968
10.14,279.1088
-22.27,1283.2987
-16.99,777.8902999999998
-2.76,250.4828
12.29,525.0523
13.1,394.61999999999995
-11.55,361.3275
-1.78,-34.574799999999996
-15.1,693.27
10.11,336.4563
-14.77,734.0786999999999
-1.43,18.424699999999998
10.33,232.03670000000002
-2.22,104.1252
14.7,570.49
-8.7,281.55999999999995
3.69,222.0083
8.53,231.56269999999998
-1.4,-161.39000000000001
13.86,637.9587999999999
5.48,129.26120000000003
-16.37,697.6607000000001
39.59,4764.454300000001
6.49,131.78029999999998
1.07,-104.66529999999999
-13.99,604.1903
0.82,-15.1828
-4.6,-120.66
6.44,146.41080000000002
3.72,-118.15479999999998
18.53,1076.8127
1.42,-137.80079999999998
5.14,125.93879999999999
3.72,52.47520000000001
-1.48,-143.65879999999999
-1.83,55.4467
11.01,467.5303
7.8,24.859999999999985
-6.29,23.232300000000023
-11.13,256.27070000000003
-0.67,-37.7933
11.61,540.9762999999999
-0.28,-8.384799999999998
17.46,1045.0848
-7.75,151.5275
1.42,123.8792
-25.16,1828.4668000000004
-5.96,57.42479999999999
-3.09,-145.6957
5.11,149.3463
17.11,852.2563
0.35,-56.5525
14.54,521.1848
6.62,182.5732
9.86,315.2387999999999
-4.66,-42.76319999999998
13.85,704.4775
-10.73,336.5187
4.95,47.4975
-9.52,447.40119999999996
-5.18,63.43719999999999
-14.61,621.1162999999999
-5.16,41.616800000000005
3.51,252.60029999999998
-0.69,216.0683
-13.48,643.5512
14.71,631.1723000000001
3.37,-31.2093
10.08,347.2192
7.85,189.05749999999998
-6.65,-25.702499999999986
-19.45,1250.2875
-9.15,201.21750000000003
12.25,516.0675
-10.54,322.41479999999996
8.16,193.4768
-6.12,-20.976799999999997
3.93,-40.6653
-18.24,933.7227999999999
11.67,407.3667
-0.4,35.309999999999995
8.86,207.61879999999996
1.9,-64.38
7.98,297.3612
-1.02,3.2012
7.43,214.19469999999995
-15.1,722.42
-10.81,263.6383
7.25,94.8075
-0.39,87.0163
-2.29,212.31230000000002
-1.8,58.05
5.02,9.091199999999972
-5.93,229.3447
5.1,-85.16999999999999
-9.16,168.68680000000003
-4.07,177.7947
9.85,249.4375
10.71,496.49230000000006
-10.97,190.35270000000006
8.39,146.46630000000005
-10.39,358.2563
7.33,181.4967
-18.99,1110.6702999999998
-11.17,372.0567
-5.09,16.064300000000003
-1.66,108.6868
14.24,542.9428
9.04,120.56479999999996
15.75,734.1275
12.07,180.8947
-2.83,108.1267
-2.66,71.3368
10.69,336.4883
0.4,-67.44
-1.57,-172.4353
-13.35,363.2275
-1.06,72.3408
-27.91,2347.7443000000003
-4.56,101.2208
-9.8,274.82000000000005
6.93,175.45469999999997
-4.79,-89.6577
-3.29,97.8423
13.47,581.4127000000001
-10.49,420.25030000000004
3.17,42.3867
-18.95,976.8174999999999
0.9,50.86
4.1,-66.55000000000001
8.6,321.88
-8.99,275.2203
3.2,-34.32999999999999
3.18,68.5472
-0.19,160.37830000000002
1.5,-90.74
4.64,235.22879999999998
3.98,58.3012
-9.96,409.13480000000004
-11.96,459.3448000000001
25.06,1933.1407999999997
19.2,1286.74
-13.92,601.0492
4.5,46.87
6.27,137.7787
7.51,279.77029999999996
1.4,-14.52
-9.27,166.51869999999994
-1.82,-11.5928
-4.91,130.7643
1.34,5.026800000000001
-2.68,63.967200000000005
-1.32,-69.0428
10.19,448.5482999999999
12.31,494.2483
-11.81,458.27830000000006
-4.6,67.52999999999999
-7.91,250.0743
12.24,442.2228
-0.59,-12.3757
14.49,710.1203
-4.78,39.315200000000004
0.26,-4.4272
-13.49,408.33029999999997
13.03,486.5926999999999
-3.63,-83.8793
-14.85,568.7074999999999
-5.92,39.179199999999994
-23.05,1785.4075
-0.32,112.3472
1.12,37.163199999999996
2.88,56.3832
14.98,792.8412000000001
-3.01,-179.3897
8.07,72.44470000000001
3.12,24.313200000000002
-1.93,-65.2053
-20.77,1165.3587
9.48,228.44119999999998
-5.04,139.5048
0.18,96.27720000000001
-12.7,477.89
2.83,54.026700000000005
1.08,65.9592
0.29,-257.4377
-1.35,70.5175
10.49,123.45030000000006
9.66,312.9968
7.26,213.31279999999998
33.21,3369.5023
-6.0,50.53
-3.8,103.62
-10.15,368.6175
4.36,154.3988
-6.87,-13.709300000000013
-26.98,2101.6512
-12.13,475.74070000000006
0.72,-19.1248
10.1,375.87
-15.57,775.4147
-6.12,134.0932
-1.39,51.3463
-7.29,178.2023
5.31,-2.04170000000002
0.04,54.0148
3.21,-31.947699999999998
-7.25,313.7375
15.37,816.3206999999999
-0.0,-67.92
12.94,519.0408
-4.39,-83.91369999999999
5.9,114.77000000000001
-6.79,294.79229999999995
-9.51,291.0003
-7.04,243.9648
-0.46,124.0748
-2.19,29.0883
15.39,823.2763
-11.49,375.9503
-10.9,379.86
17.0,716.12
6.09,38.65429999999999
-18.81,1026.6782999999998
4.97,129.9227
2.37,-93.6793
-21.44,1395.6408000000001
-3.7,-117.89
-0.17,-38.7933
7.31,91.31829999999998
9.54,433.11479999999995
0.96,-72.8052
10.33,305.2567
-1.46,96.51480000000001
-8.57,149.2447
-9.34,305.41679999999997
5.43,77.47469999999998
-19.58,1058.9091999999998
6.78,61.585200000000015
-11.07,443.6847000000001
-3.59,-20.695700000000002
5.05,152.8675
12.18,448.7272
-19.41,1045.7343
-8.06,188.40080000000003
0.49,213.1703
-5.96,113.89479999999999
8.62,145.16319999999996
-20.86,1339.1988
3.62,1.4932000000000016
4.26,-84.0672
0.49,38.7303
11.02,265.58119999999997
-12.3,578.5400000000001
11.09,481.5943
-7.03,216.78269999999998
7.26,161.37279999999998
-3.24,-54.60719999999999
8.14,228.51880000000003
7.8,107.29999999999998
-14.64,751.0588
-1.54,-129.55519999999999
-0.92,148.70919999999998
-2.38,7.193199999999997
-7.56,103.24080000000001
18.51,914.2003000000001
2.09,70.8943
15.55,768.7975
-5.69,172.0383
-10.62,328.5531999999999
1.32,-52.202799999999996
-5.63,106.41069999999999
23.9,1592.9499999999996
2.45,2.1175000000000033
11.53,315.9127
-2.24,144.0428
-3.26,79.3128
-0.31,-39.1917
3.56,-12.8292
8.5,323.13
-1.22,-58.044799999999995
-6.81,126.19829999999996
-10.68,399.6072
-0.77,-74.0113
5.73,225.83870000000002
4.58,89.7792
-0.18,159.0972
-6.0,109.68
1.47,286.22270000000003
5.72,139.7652
-0.37,20.130699999999997
1.12,-128.2368
-1.51,33.8903
9.15,113.6175
-4.38,29.713200000000004
1.86,-21.561199999999996
3.94,136.9408
7.26,128.2128
14.96,644.3948000000001
6.75,59.00749999999999
5.99,71.95030000000003
-14.7,593.39
6.06,292.57079999999996
22.94,1494.0108
-8.3,92.63000000000004
-10.2,250.76
-2.15,123.67750000000001
10.21,119.75230000000008
5.25,222.9275
-4.77,-23.77130000000001
-0.36,-98.0112
10.37,190.64069999999995
6.73,181.5987
24.29,1701.4023
10.06,320.4408
3.54,39.86480000000001
6.15,-127.12249999999999
-3.49,28.430300000000003
-9.78,325.93519999999995
1.72,-118.8748
4.91,-60.98570000000001
-13.95,575.4675
-5.22,238.6752
-3.69,184.9083
2.66,193.2768
-2.6,-65.95
4.45,115.8075
0.98,-50.0388
10.6,407.24
-17.11,870.0263
16.57,639.2847
14.18,661.0871999999999
0.5,-206.04
6.5,362.51
6.07,382.14470000000006
-7.37,98.81070000000001
1.65,4.197499999999999
7.78,190.5652
3.1,66.62
10.51,391.5503
0.95,-161.6625
0.81,-100.0717
-7.68,262.0372
-3.65,85.9675
-4.6,-1.5000000000000142
17.05,740.7175000000001
2.41,54.804300000000005
-9.99,258.49030000000005
3.99,147.2003
-1.92,118.6192
-30.54,2869.2448
4.8,102.13
-15.53,753.4327
5.78,189.48520000000002
-9.61,205.05629999999996
-14.58,479.6092
4.94,133.73080000000002
-14.94,697.9408
-4.47,90.75269999999999
2.04,0.2248000000000001
6.12,-111.74680000000001
7.45,456.86750000000006
-0.36,275.60880000000003
-8.32,157.64720000000003
19.24,1194.8727999999996
-6.06,120.06079999999999
18.04,1002.6648
-4.53,96.8927
11.61,512.7262999999999
10.7,277.56999999999994
-10.46,400.7748000000001
3.55,109.57749999999999
7.55,-82.86250000000001
7.01,295.25030000000004
-1.99,78.6203
3.02,-29.8588
-3.95,52.597500000000004
-11.72,464.32520000000005
9.84,263.04679999999996
-5.6,147.61999999999998
13.8,367.23
6.02,130.91119999999998
-8.93,351.2847
-1.61,83.9163
-2.86,47.328799999999994
-8.71,150.54230000000007
5.01,83.3403
-4.79,-48.79769999999999
16.32,812.0871999999999
8.61,205.9563
-8.8,283.26000000000005
-0.19,139.9883
-2.27,101.5087
-15.65,652.6175000000001
9.31,164.2783
9.5,185.18
9.26,171.20279999999997
-4.57,-40.19529999999999
10.69,542.9783
-2.1,144.19
9.35,204.05749999999998
18.13,992.0607
1.4,254.68
-14.19,427.1983
-3.17,70.7267
6.41,324.59430000000003
12.2,462.3999999999999
-11.34,331.6568
-1.91,138.9343
2.33,243.3567
4.35,39.477499999999985
9.1,368.78
-9.48,174.6812
-4.23,81.07870000000001
10.08,369.7192
3.92,1.9291999999999945
4.48,8.241200000000006
11.25,443.9775
1.04,91.7448
5.28,-20.304799999999986
-3.15,-29.972500000000004
-13.45,585.5174999999999
-12.95,349.92749999999995
0.74,-99.8772
-2.0,45.6
-6.55,210.21749999999997
3.18,58.7072
-8.9,231.04000000000002
1.11,172.9463
-0.2,21.34
-8.4,159.88
-22.98,1378.1112000000003
14.57,690.4747000000001
3.17,-13.883300000000002
-26.64,2095.1888
-4.26,44.88279999999999
3.94,-38.5992
-2.28,63.9052
5.8,88.03
-9.73,550.2287
1.75,-55.432500000000005
-0.53,29.8027
-1.83,-49.7233
-2.21,88.6323
2.0,-75.72
9.33,269.8767
-5.3,92.61
-4.07,92.2947
1.61,-179.1437
-1.2,62.87
3.86,55.9088
7.18,274.0872
12.91,421.52430000000004
-1.16,-7.5532
-22.77,1460.3887
-0.7,-81.92
3.54,101.4248
-1.87,65.2107
-1.53,-6.017299999999999
-24.33,1791.0066999999997
5.08,109.6192
-3.24,109.4028
-15.11,744.3662999999999
-8.71,407.4523000000001
-8.65,223.00750000000002
6.09,261.2943
5.62,63.64320000000001
15.15,745.6475
6.48,154.05120000000002
-13.52,626.0411999999999
-14.09,599.9143
11.31,560.8083
15.67,534.2867
-2.38,104.0132
5.59,164.5643
-15.05,757.3275000000001
-19.44,1309.9208
-11.74,547.0928000000001
-3.57,-101.2553
-5.21,194.9423
-2.3,-27.240000000000002
-4.91,95.34429999999999
6.79,184.1223
14.28,528.2452
0.36,-135.6512
20.3,1252.82
-6.34,136.0368
-5.25,26.0875
3.88,-45.116800000000005
-3.55,39.4075
11.77,386.5686999999999
-6.41,118.56430000000002
13.23,710.8987
1.94,70.63080000000001
25.65,2108.5874999999996
-4.64,3.4287999999999954
-2.03,173.8327
1.46,5.2448
-21.81,1441.3183
6.02,115.87119999999999
4.81,107.13829999999999
1.09,-150.1957
-15.44,716.3208
-15.47,787.0627000000001
5.87,247.21070000000003
11.75,460.4175
15.94,696.7108000000001
-8.95,103.46749999999997
-10.31,353.0683
-2.72,-157.5548
-19.76,1158.7228
-5.89,158.54629999999997
8.52,229.23119999999997
16.35,776.8975000000002
2.79,-165.1877
16.41,804.2343
4.11,157.55630000000002
1.91,-12.6257
-1.71,-31.6877
1.87,51.9307
-2.55,90.8475
-1.41,95.84429999999999
-6.62,45.383200000000016
2.59,-27.465700000000005
0.14,31.3288
-14.8,758.0700000000002
-2.41,159.09429999999998
-8.56,160.3308
-20.48,1348.7112000000002
4.84,203.96679999999998
15.59,758.8043
23.7,1664.3099999999997
15.62,635.6432
-8.71,336.5723000000001
11.75,414.4875
11.2,523.1299999999999
-19.88,1365.5532
8.61,90.1363
6.27,72.14869999999999
1.63,-1.3293000000000017
2.89,-78.5837
0.58,-79.6608
16.32,951.8272
-4.02,-12.298800000000014
-2.0,39.29
0.07,-189.0253
2.76,-42.7472
-17.63,854.0806999999999
13.88,498.0332
2.26,3.532799999999998
5.69,84.5783
1.97,-135.2373
-1.86,-37.911199999999994
-3.55,118.29749999999999
0.96,-105.4552
1.52,216.5812
11.55,532.8774999999999
3.46,-9.725200000000001
-1.33,-207.42329999999998
19.87,969.9607000000001
-12.79,416.7122999999999
-13.4,466.88000000000005
3.55,-56.0825
-2.12,189.8632
-17.75,1043.7075
-3.12,121.5832
-7.11,82.02630000000002
11.31,469.28830000000005
-6.21,116.55229999999999
10.51,343.71029999999996
4.6,111.28999999999999
-2.06,298.51079999999996
0.21,-142.88770000000002
4.29,39.232299999999995
-23.08,1418.5291999999997
3.27,93.8787
-3.79,65.9123
17.98,1188.3912
-6.91,201.9443
11.43,245.61470000000003
-25.15,1773.8874999999996
8.15,378.8775
2.76,-206.8072
-2.47,118.5127
-1.21,-86.1677
-2.61,-2.953700000000005
4.23,58.15870000000001
-1.34,-114.2832
-17.88,881.8531999999999
-1.86,3.118800000000002
22.35,1672.4975000000002
0.47,67.4927
2.91,-52.905699999999996
-4.38,56.793200000000006
1.74,-69.9772
1.78,26.605200000000004
-2.61,-82.1637
8.63,190.39070000000007
-9.23,434.13870000000003
-1.3,-119.38
5.05,156.1275
-2.67,-5.503300000000003
-12.24,519.8028
5.58,81.2092
-9.82,286.2672
-4.47,64.31269999999999
-8.28,347.36519999999996
-1.11,110.22630000000001
-4.29,77.3223
-4.75,213.3275
6.81,259.3583
17.63,1045.4107
-3.58,162.5592
5.23,-49.26129999999998
-3.55,210.32750000000001
0.99,-113.4197
11.28,371.36519999999996
0.5,72.21
-8.16,-7.94319999999999
-7.3,168.53
-6.17,221.57670000000002
-0.13,24.0907
8.58,301.9392
-13.59,503.2443
-10.37,169.18069999999994
-9.25,268.6675
-17.49,799.1802999999999
13.26,499.5728
-0.36,-85.0612
19.01,1107.8403000000003
-14.24,526.9328
12.94,460.29079999999993
-7.02,376.98119999999994
-4.07,49.874700000000004
-9.89,275.2963000000001
-9.5,397.8
-13.24,576.7828000000001
2.16,155.9968
-13.14,560.5088000000001
-2.42,57.7692
-0.09,-21.2157
6.67,278.0067
1.0,37.47
3.21,33.792300000000004
5.14,290.3288
-0.17,-206.39329999999998
3.63,-22.119300000000003
-9.8,374.63000000000005
-7.75,99.7575
18.98,1012.4312
-0.12,62.5732
-7.11,159.6363
13.8,643.74
-1.57,-53.7053
-6.46,126.8548
-14.49,580.8203000000001
7.79,83.7723
-10.86,256.13879999999995
-5.39,164.06629999999998
6.44,-105.83919999999998
1.84,-21.1632
-0.86,-104.1712
-2.14,45.7288
11.46,363.95480000000003
22.3,1556.46
-5.49,134.1603
5.69,-83.1617
19.29,1169.3522999999998
10.79,311.1323
-6.87,143.8307
-4.31,28.09829999999999
-5.98,157.21120000000002
-9.13,478.64070000000004
-6.24,106.76280000000001
2.62,247.07319999999999
-5.87,43.17070000000001
8.76,198.11280000000002
1.23,129.7387
-3.97,64.49270000000001
8.86,307.55879999999996
3.19,68.2283
2.65,188.73749999999998
10.4,189.15
5.73,1.28870000000002
-1.09,45.4243
9.38,542.6632
3.09,-31.8157
29.17,2609.0767000000005
10.99,550.2403
11.53,498.8527
12.91,731.1643
0.8,-156.39000000000001
13.13,407.5607000000001
0.23,-198.38129999999998
-8.31,156.11830000000003
-5.64,123.6888
5.28,0.4952000000000112
-15.61,762.0862999999999
2.08,43.589200000000005
-7.28,89.25520000000002
7.18,205.72719999999998
-7.46,104.9948
18.72,970.2451999999998
7.68,287.34720000000004
-12.69,675.1582999999999
17.59,1022.5043
-2.27,-36.6913
-7.27,215.00869999999998
-10.24,412.82280000000003
5.68,150.8672
15.05,661.0175
-5.78,-163.54479999999998
-9.98,371.5512
-11.4,393.21
14.96,682.1948000000001
16.71,777.3323
-3.48,-177.74880000000002
5.38,73.7332
-0.03,114.59270000000001
-0.61,73.74629999999999
9.64,222.33880000000005
4.41,64.3643
3.29,-3.8877000000000024
-2.93,-174.6453
8.16,217.5768
-2.82,173.2072
0.5,192.36
2.19,-6.3516999999999975
-12.01,492.16029999999995
-2.99,-155.9597
-3.13,-89.4393
1.01,44.3303
-11.12,420.3731999999999
-11.87,270.3107
16.23,703.8187000000001
11.56,322.2708
8.89,312.40630000000004
18.25,974.2875
4.2,58.1
-0.91,113.4043
4.82,124.15720000000002
-18.79,959.1822999999999
-10.98,369.4012000000001
7.59,66.20429999999999
0.33,13.9367
-12.78,608.4952
6.59,218.02429999999998
9.99,370.3103
6.68,182.3172
-0.3,97.17999999999999
-8.36,238.88879999999997
1.08,80.4592
4.27,71.16869999999999
-3.59,92.8743
6.03,135.5827
3.14,129.84879999999998
3.33,141.2567
-20.33,1187.7966999999996
10.81,248.23830000000004
17.24,873.9427999999998
-4.02,239.08119999999997
-14.77,723.5387
6.39,-108.0737
-4.66,139.51680000000002
-9.67,186.8967
12.18,455.87719999999996
-13.83,422.2967
7.17,-79.2833
-12.48,638.3012000000001
14.62,742.6632
5.17,237.7467
-2.57,82.34469999999999
1.49,-138.7997
5.82,310.8672
8.3,-72.48999999999998
8.28,193.80519999999996
5.47,25.3827
-4.77,-0.1313000000000102
6.64,-95.47120000000001
-13.11,369.9262999999999
10.04,263.19479999999993
8.73,371.5287
13.94,489.33080000000007
-5.89,154.2063
1.86,65.0588
8.58,315.6692
3.18,-26.7928
-4.27,175.2787
3.07,-84.0253
0.68,67.4872
9.96,227.43480000000005
-6.28,42.21520000000001
3.39,-24.4437
2.93,-127.26530000000001
7.57,78.4847
-0.73,36.8387
1.27,73.9787
-0.71,-9.9877
0.34,102.9168
0.08,-151.7908
-3.27,26.4687
28.27,2471.7387
-8.44,298.95079999999996
-11.73,413.85870000000006
-7.96,415.3748
-7.1,174.1
0.11,-113.1937
14.31,645.0983
16.88,705.7031999999999
2.37,120.3007
-24.98,1840.8012
3.84,3.5168000000000035
-13.11,544.9463
-5.01,64.6103
-11.5,195.72
4.26,-168.6572
-6.27,86.06869999999998
7.72,201.46519999999998
4.77,124.0987
-2.4,-8.64
0.81,-80.9317
9.17,263.8967
-3.72,-42.56479999999999
9.16,254.81680000000003
-0.19,-152.4217
2.69,-10.391700000000004
7.99,2.480300000000028
13.32,719.2272
5.21,35.6823
0.58,98.5392
7.21,109.98229999999998
-15.45,713.7574999999999
16.39,817.5163000000001
-13.25,447.3075
9.04,198.94479999999996
-5.64,57.608799999999995
5.07,140.3647
-1.17,-72.3333
3.04,65.1248
-8.01,258.7103
-21.61,1329.0163
4.07,60.2747
-6.01,168.81029999999998
-6.49,182.1403
-7.25,190.1875
19.84,1340.7368000000001
-5.82,6.397200000000026
3.27,232.99869999999999
-11.6,304.79
15.23,631.1887
-5.56,157.39079999999998
-26.01,2256.4003000000002
27.12,2117.2132
-10.98,211.12120000000004
13.09,517.1843
7.33,111.9067
6.52,326.8112
-2.31,56.4283
1.89,-58.0937
12.24,533.8028
-3.01,99.34029999999998
2.51,-131.8197
9.28,541.2652
0.83,59.0667
-4.25,53.3375
14.52,620.7012
3.42,227.88920000000002
-1.25,39.6275
-7.76,204.88279999999997
-10.06,124.23080000000004
8.94,177.08079999999998
9.49,103.91029999999998
-21.71,1435.8623000000002
-6.15,167.7975
9.65,-44.932500000000005
24.24,1750.6527999999998
21.5,1211.72
9.42,316.9892
13.73,607.5787
-5.27,-28.181300000000007
7.75,182.1875
-12.37,490.21070000000003
-5.62,119.1932
3.21,237.1123
21.68,1446.1471999999999
7.48,35.151200000000046
2.74,29.852800000000002
-1.7,24.74
-13.22,518.2752
6.03,85.8127
-3.49,135.90030000000002
2.39,214.4763
-8.89,388.03630000000004
1.21,-64.0377
-15.37,644.6306999999998
5.04,141.9848
13.2,553.7299999999999
9.14,460.4688
21.14,1398.0288
3.25,-50.272499999999994
5.05,-69.2125
5.15,101.38750000000002
-8.8,408.4200000000001
21.53,1312.2527
9.89,296.1563000000001
-2.43,36.2547
-9.03,183.42269999999996
5.82,210.52720000000002
8.58,348.2392
1.38,11.0732
1.86,-174.85119999999998
-1.88,-36.4368
-0.03,-4.9473
13.35,544.4275
14.01,587.4003
-15.0,688.12
1.39,-64.8337
-12.04,432.1447999999999
-13.36,614.5388
5.86,38.358800000000016
-8.42,274.3992
-31.53,3039.1527
6.45,225.5675
12.82,464.39720000000005
20.39,1060.2663
-3.96,94.5148
14.45,796.8675
-26.21,2219.4823
-10.43,422.9447
5.19,255.0183
4.72,35.38519999999998
13.2,618.5099999999999
9.57,215.3947
-0.82,-44.6628
15.29,748.5222999999999
6.86,110.44880000000002
17.17,795.2267000000002
-8.04,276.3348
3.0,49.53
-4.3,199.5
8.06,63.53080000000003
-2.2,-26.549999999999997
-2.52,-31.678799999999995
-13.26,505.2128
3.08,101.58919999999999
11.15,258.0375
10.08,412.8992
-30.16,2679.9768
-16.2,904.15
20.05,1357.1175000000003
-1.88,195.9032
-1.49,-93.6697
11.65,370.52750000000003
1.97,87.40270000000001
-6.33,215.5667
-2.1,-28.330000000000002
18.97,1161.1626999999999
-13.81,578.8383000000001
13.01,453.6403
-3.12,-30.2168
-2.71,146.5323
18.63,1031.9207
-6.43,88.14469999999999
8.35,399.4275
-3.63,59.2607
-14.32,492.74719999999996
-1.66,19.7768
11.69,388.78829999999994
-1.86,-22.6112
5.49,122.39030000000001
1.89,-214.8137
0.47,25.1627
-4.17,-46.5533
1.32,59.2672
-20.33,1297.9666999999997
-4.48,-207.29879999999997
-18.04,1026.2748
2.7,87.06
3.55,62.1075
-7.96,115.0248
8.01,317.8503
3.96,133.07479999999998
2.94,-68.47919999999999
-3.61,53.4263
4.73,207.70870000000002
10.54,449.15479999999997
-6.6,240.64
-8.17,187.17669999999998
11.89,543.5063
-23.18,1768.4572
-26.17,2260.5067000000004
-18.15,1057.8574999999998
1.82,55.0072
1.52,62.741200000000006
4.97,66.5727
0.76,5.8828
15.37,711.6106999999998
15.76,696.1727999999999
11.59,403.3643
-11.56,385.9408
3.64,85.78880000000001
-8.66,213.93679999999998
-5.01,114.8603
-10.23,360.56870000000004
0.11,29.4063
5.44,326.3408
0.79,101.14229999999999
-11.93,269.74469999999997
-15.26,572.7427999999999
-7.62,269.5132
-7.78,292.1852
7.84,155.7668
-3.19,54.368300000000005
-1.89,7.196300000000001
-1.57,-8.6053
10.97,438.9827
16.36,705.0987999999999
4.27,-15.88130000000001
-2.48,88.2912
14.03,519.2227
4.38,61.7732
-4.21,87.8123
10.11,106.7063
2.07,85.1647
-14.34,617.6868
6.27,308.41869999999994
3.0,277.89
-18.57,882.3647
-21.51,1391.9603000000004
1.36,-37.8612
6.83,128.70669999999998
6.09,2.864299999999986
-13.61,444.56629999999996
-3.47,-158.6173
6.67,66.5367
-15.36,756.5588
0.85,43.1875
2.13,286.3507
9.24,401.9828
-24.54,1703.5847999999999
1.45,-8.4725
20.18,1366.5272
-6.21,189.90229999999997
-3.16,53.55680000000001
9.54,163.82479999999998
-7.63,162.66069999999996
11.57,174.01469999999998
5.41,230.03429999999997
-15.74,814.1228
1.01,67.05030000000001
-14.59,615.9943
9.53,148.62269999999998
-16.81,838.2682999999997
-18.12,1055.5932
-11.37,546.4307
-8.03,150.3327
13.15,369.2275000000001
-0.18,61.0672
2.91,125.7643
10.75,343.3975
-6.98,211.3812
-5.78,285.9252
-8.47,179.12270000000004
7.85,248.34749999999997
16.33,850.3666999999999
2.59,90.33429999999998
-6.23,141.9387
-5.2,187.16000000000003
-11.12,362.2631999999999
7.31,3.7282999999999618
-10.63,372.0907000000001
-2.55,59.5675
-11.69,402.35829999999993
-18.99,1045.2102999999997
-25.4,1964.02
-8.9,91.64000000000001
2.18,147.9472
-3.18,2.3972000000000016
-2.24,-13.027199999999997
-10.71,311.11230000000006
-9.32,121.36720000000005
-10.68,375.82719999999995
2.11,34.6963
20.48,1357.9412000000002
-1.36,22.4388
-13.69,587.9983
12.73,680.1187000000001
-9.99,275.2703
5.58,111.0492
-4.43,4.064699999999988
0.81,-33.0417
34.33,3533.0266999999994
-7.48,20.48120000000003
-5.87,80.74070000000002
3.75,96.39750000000001
-0.22,113.3852
-4.06,109.57079999999999
-6.88,340.03319999999997
5.9,178.54000000000002
10.77,291.1887
-9.52,256.52119999999996
-11.36,489.0288
18.3,1185.25
-14.25,734.9075
7.15,217.0075
4.39,215.6463
-11.03,415.0327
7.59,220.2343
-11.03,466.07269999999994
-10.9,372.21
-13.9,541.94
8.34,76.60679999999999
-4.49,-18.86969999999998
10.85,380.46750000000003
-8.1,181.04
6.15,295.1175
14.07,509.1247000000001
-0.86,-212.3112
-11.25,250.0175
-3.43,-30.1353
12.57,377.04470000000003
7.39,115.6763
-3.86,67.7488
-17.44,884.8308000000001
7.16,110.15679999999999
16.31,820.2782999999998
16.49,777.0202999999998
4.33,127.8767
-1.91,18.4843
-7.86,163.6088
-5.73,148.4087
-16.5,731.0
21.35,1321.9675000000002
-0.27,-101.0513
23.84,1669.0267999999999
-0.74,-63.0472
-16.18,775.7271999999999
18.62,933.2232
-8.6,107.19999999999999
-4.38,222.4032
16.49,1040.6402999999998
14.59,795.9943
-20.26,1246.4828000000002
0.01,-200.7497
-10.9,449.34000000000003
5.39,83.74629999999999
18.12,944.3232000000002
-5.17,133.3967
14.93,725.8447
-9.29,416.15229999999997
21.72,1625.1551999999997
-8.26,238.72279999999998
-4.63,2.280699999999996
2.97,46.88270000000001
-14.01,457.4603000000001
15.5,685.14
-10.7,238.3599999999999
6.14,207.98879999999997
-12.89,626.9163000000001
1.1,-20.57
-0.11,49.9163
-3.88,85.2332
4.89,152.0863
-11.17,371.4067
15.22,804.5252
2.02,-39.2988
-27.91,2442.9743000000003
20.06,1330.4707999999998
4.53,59.2227
15.54,770.7747999999999
-1.77,19.6787
-22.63,1597.1807
-4.2,121.56
-12.26,477.97280000000006
-0.38,-20.9668
-4.83,153.48669999999998
2.09,60.3343
-17.64,1172.7888
0.54,-105.82520000000001
-4.6,259.11
6.34,163.5068
-16.92,940.3892000000002
-4.25,-6.302500000000002
16.58,785.5092
-11.81,455.73830000000004
7.38,167.51319999999998
13.31,394.50829999999996
-0.1,9.08
9.89,303.2963000000001
10.41,280.3443
15.7,843.5799999999999
-3.68,163.9272
-1.12,-76.6568
8.04,164.77479999999994
-7.46,112.3648
0.48,19.681199999999997
-6.99,250.61030000000002
-23.29,1672.6322999999998
3.35,18.167500000000004
17.02,819.3511999999998
-3.72,195.0052
0.84,133.73680000000002
-4.53,111.96270000000001
-7.41,44.75430000000003
1.36,105.1588
10.73,361.1087
22.16,1376.7868
8.26,347.0828
-9.61,332.24629999999996
-14.27,477.70869999999996
13.07,488.31469999999996
3.17,16.6467
-6.1,59.56999999999998
-10.56,398.48080000000004
-8.08,301.9892
12.33,420.53669999999994
-0.22,204.40519999999998
-14.0,615.76
8.73,411.43870000000004
3.1,77.85000000000001
-2.91,130.3343
6.08,257.6892
-8.28,149.06519999999995
9.64,391.52880000000005
-14.25,528.0475
-9.03,242.09269999999998
-13.77,582.2287
-4.17,138.9667
-7.57,-0.1752999999999929
-3.63,59.0907
0.05,-0.9624999999999999
5.54,-69.0752
1.47,-165.4373
2.52,-7.438799999999997
16.04,622.7347999999998
-2.66,52.5668
-14.58,530.9092
9.51,228.44029999999998
18.36,951.4787999999999
1.87,35.3607
8.4,254.17000000000002
-6.56,-79.4692
1.86,-199.1812
6.37,201.53070000000002
3.79,-59.0177
-5.4,132.65000000000003
16.31,834.0782999999998
1.73,28.4487
9.3,265.61
4.06,93.10079999999999
8.74,114.2128
9.33,275.1667
-2.16,57.5968
8.34,289.1368
21.6,1468.7000000000003
19.99,1181.6102999999998
7.64,196.0088
16.87,875.6707000000002
-13.08,442.93919999999997
14.72,664.9752000000001
0.75,25.6875
-17.87,920.7507
1.65,22.6575
9.76,403.8228
-6.96,89.3348
19.37,1362.6507000000001
13.49,563.3003
-12.75,551.8075
10.09,406.8243
1.12,38.523199999999996
-5.52,30.431199999999983
-3.17,14.616699999999998
-4.45,129.0375
-12.16,492.4868
-4.48,-210.7788
6.93,315.1647
14.26,581.6027999999999
14.58,575.4592
-5.73,158.5687
-1.17,-69.52329999999999
-8.59,270.8143
10.3,230.14000000000004
-16.48,808.2611999999999
-13.63,557.4307
-6.36,218.2588
2.51,86.1603
-3.21,2.4923
0.33,-208.3033
0.48,-76.9488
2.33,60.2967
-10.34,396.6068
-3.39,-68.06370000000001
5.78,115.3652
2.8,-2.0900000000000034
10.93,506.7547
-7.46,291.4648
9.06,289.5008
14.67,450.4067
-1.43,-14.275300000000001
2.66,-19.613200000000003
2.25,21.6875
5.36,-56.88119999999998
3.88,164.5532
14.69,804.9583
5.13,58.0607
8.65,200.38750000000005
3.32,-6.382800000000003
-10.42,326.4992
4.33,117.3067
-2.3,170.33
-6.35,127.00750000000001
-8.94,241.21079999999998
-0.7,143.07
-6.07,-5.395299999999992
20.4,1349.4
15.97,866.7527000000001
-2.67,88.0667
7.09,90.04429999999999
11.57,464.5947
-1.73,68.9587
18.48,1199.5611999999999
9.22,239.08520000000004
-1.02,70.9512
-17.99,861.0802999999999
-9.66,306.4468
3.19,28.6083
-4.38,-0.7567999999999984
-0.21,-31.247700000000002
-7.87,378.7507
2.47,68.9927
-4.58,75.78920000000001
-15.53,614.1427
-3.42,-13.610800000000005
-5.72,130.44519999999997
-15.52,746.2312
14.23,754.7887000000001
-0.76,5.2628
-3.27,19.198699999999995
7.5,168.05
-0.83,12.7667
7.67,171.30669999999998
-14.81,675.7783000000001
-10.37,389.00069999999994
5.45,220.34750000000003
14.92,627.7992
0.3,-131.84
2.16,76.7368
-8.23,361.1187
-0.3,-6.940000000000001
-7.09,219.99429999999998
-1.6,-63.9
7.22,177.8252
-19.99,1155.4803
2.13,-16.9993
-8.05,134.26750000000004
-6.47,85.89269999999999
11.38,352.6032
2.95,45.1775
9.34,276.2168
-17.64,1031.3688
-4.1,41.99999999999999
-4.54,-31.925200000000004
-5.89,81.6463
4.4,-50.05999999999999
8.96,341.5648
-11.07,477.28470000000004
-9.63,149.31070000000008
-12.52,340.8211999999999
11.48,514.6312
-5.15,37.61750000000001
-1.01,12.3003
-3.32,-179.88279999999997
-9.64,404.47880000000004
3.73,223.2687
3.83,76.6967
9.41,169.48430000000005
-2.25,180.8675
-2.97,42.102700000000006
-5.86,79.77880000000002
14.88,867.6432000000001
10.08,214.24920000000003
-0.4,66.13000000000001
6.49,7.3703
-5.86,182.3988
20.54,1212.8848
-5.92,-15.570800000000006
-3.8,245.60999999999999
-3.71,52.1423
17.01,774.7603000000001
1.48,-144.9588
10.84,278.3968
-1.1,119.94999999999999
-12.13,433.1307000000001
7.75,70.0375
-6.26,273.90279999999996
-13.19,420.16829999999993
-4.16,45.74680000000001
6.32,165.37720000000002
17.64,922.3188
-13.87,597.2107
-21.99,1224.4602999999997
9.3,-30.97999999999996
3.0,67.09
-5.63,-20.479299999999995
4.18,134.60719999999998
7.29,64.1523
19.12,940.9232000000002
-1.3,-9.12
12.8,449.2800000000001
-4.52,58.71119999999999
-5.1,230.31
4.24,-22.667199999999987
-11.15,346.7875
-13.02,611.5212
9.63,235.69070000000008
-19.63,1055.4606999999999
1.13,23.4207
-3.25,89.0075
-3.73,-199.1613
-13.32,461.5872
-20.36,1302.0888
-6.61,180.1463
-11.65,445.1775
-4.25,38.947500000000005
0.88,-126.9268
-7.42,146.95919999999998
-10.73,512.4687
2.9,113.10000000000001
-7.62,-26.32680000000002
-9.6,177.79000000000002
-2.99,-75.6097
2.85,113.3175
21.09,1406.6143
16.14,959.7188000000001
-12.63,604.1607
-13.24,410.53280000000007
0.65,8.4275
5.57,36.42470000000001
-1.32,-153.06279999999998
21.72,1487.8451999999997
11.77,509.08869999999996
16.4,771.2699999999999
-4.18,205.5772
-8.97,372.18270000000007
-10.7,319.1199999999999
-1.14,-33.3512
-12.58,573.0792000000001
-6.34,228.5568
-4.31,2.2882999999999925
9.44,262.03079999999994
-4.73,157.4987
-14.07,778.6847
-4.47,119.4127
1.89,172.16629999999998
5.61,152.0763
-9.22,178.42520000000005
6.47,235.0727
13.87,802.3307
4.9,-19.44999999999999
2.39,131.0263
-4.48,-51.66879999999999
-6.11,40.52630000000002
-20.3,1299.6299999999999
6.08,255.69920000000002
-3.54,66.0048
1.53,-42.4273
5.01,186.9703
-7.86,255.66879999999998
10.17,348.0267
1.13,-149.2393
14.97,685.0627000000001
1.69,-71.0117
3.19,-125.4017
-2.73,-6.6213000000000015
14.76,847.2027999999999
-21.03,1409.5627000000002
-5.33,90.27669999999999
-3.05,34.8075
-15.3,698.4800000000001
-7.95,230.46750000000003
-21.72,1389.5851999999998
1.9,-94.57000000000001
-14.05,530.9675000000001
3.7,105.03
-2.62,69.8532
-8.33,101.87670000000001
-15.54,713.4248
-6.83,200.3267
3.11,-49.63370000000001
-1.25,168.9975
6.66,44.9568
-7.88,150.82319999999999
16.06,942.9607999999998
-2.38,-22.816800000000004
-8.45,67.37749999999997
13.1,434.7699999999999
13.58,483.6792
-0.9,93.97000000000001
-4.84,100.15679999999999
9.1,234.87999999999994
-8.94,233.36079999999998
9.35,280.6975
-13.87,711.4106999999999
-0.83,-35.523300000000006
0.12,-77.1668
12.08,410.3192
-18.29,965.1623
2.34,48.166799999999995
-1.21,-32.6777
0.03,-30.897299999999998
-8.84,164.6568
-13.02,435.1212
-4.63,17.4407
-2.42,45.349199999999996
14.75,717.4575
1.11,30.8063
-0.04,-145.23520000000002
6.98,263.7112
-16.12,1066.0032
7.23,128.40870000000004
9.15,147.8775
9.07,270.70470000000006
-3.33,150.8367
-12.35,411.07749999999993
-9.85,363.4875
2.47,22.492700000000003
5.37,218.4807
12.77,544.4986999999999
15.21,732.2123
8.71,70.63230000000007
0.34,-38.2432
2.65,57.47749999999999
-2.35,243.79749999999999
10.55,417.27750000000003
5.94,156.3308
2.16,-98.1132
-12.56,454.0808
10.47,125.86270000000007
-15.27,546.1786999999999
12.32,351.36719999999997
9.85,207.1575
-15.87,707.1006999999998
-0.48,-111.0488
-12.41,472.15430000000003
-1.45,-114.8425
5.55,161.9275
-1.37,-75.7693
-13.64,539.4688000000001
2.61,-7.633700000000005
2.59,-67.60570000000001
-0.27,52.978699999999996
-10.45,249.49749999999995
-3.5,74.88
2.69,-35.46170000000001
-1.55,7.397500000000001
21.13,1282.6607
2.56,184.14079999999998
-2.07,103.37469999999999
4.83,344.06669999999997
-11.05,229.84750000000005
4.21,230.9623
16.17,826.4367000000002
-8.84,297.7268
2.99,28.930300000000003
7.67,184.67669999999998
-16.93,830.6246999999998
16.39,901.2363000000001
-10.45,327.16749999999996
-3.35,114.9775
3.81,77.2383
-2.33,208.3867
8.03,230.95269999999996
1.51,128.71030000000002
5.7,66.15
0.75,-65.6625
14.72,683.2952
-20.15,1207.6574999999996
3.64,28.728800000000003
-3.01,-2.7797000000000054
-9.59,233.35429999999997
-8.12,379.67319999999995
-5.72,17.985199999999978
5.78,126.5352
-8.96,32.53480000000002
-1.63,93.1207
2.75,75.1375
-11.56,502.6408
11.12,305.7831999999999
24.22,1605.1651999999997
-6.74,104.74280000000002
9.19,494.64829999999995
-3.1,17.590000000000003
5.33,122.5867
-1.82,-17.3228
22.09,1551.5443
-3.24,-66.5172
7.94,200.5508
6.07,137.8847
-10.84,481.1068
-21.6,1571.5600000000004
5.79,-122.57770000000002
8.45,191.30749999999998
-5.37,-64.68929999999999
-6.33,47.866699999999994
9.77,354.05869999999993
8.53,334.79269999999997
9.56,398.91080000000005
2.61,-166.65370000000001
-7.88,52.88319999999999
-12.18,317.3572
-19.93,1114.3147000000001
-0.58,-0.9008000000000003
19.19,1152.8883
4.78,64.08520000000001
-0.8,-37.42
-15.21,819.5623
-6.68,37.18719999999999
0.05,-26.9125
-2.22,-103.42479999999999
9.08,193.7692
-1.59,70.9943
6.95,-38.30250000000001
-1.14,-61.6312
-1.9,-49.64
12.59,433.8442999999999
-7.52,169.75119999999998
-2.83,-23.653299999999998
-12.93,437.4647
0.97,-5.977300000000001
10.7,327.68999999999994
6.81,-20.30170000000004
7.34,-15.293199999999985
10.53,276.38269999999994
6.25,188.1775
7.58,153.69920000000002
4.04,-24.68520000000001
-9.75,379.9575
5.26,-178.53720000000004
9.46,344.0948000000001
-8.92,307.1092
2.36,119.1388
10.83,344.7967
-3.73,20.5787
-13.21,459.8723000000001
0.62,139.5632
15.94,671.9608000000001
-9.13,299.0407
-1.05,78.5475
-7.51,193.35029999999998
-3.59,-51.035700000000006
2.35,265.7575
14.77,678.1186999999999
-7.17,141.4367
-7.09,97.65429999999998
-8.73,149.17870000000005
-10.94,453.1108
-15.35,862.1775
-8.51,356.4403
-1.06,-12.2992
0.41,-164.3557
11.72,357.64520000000005
-8.22,254.37520000000006
-7.8,198.76999999999998
-7.57,135.6747
1.96,-99.1752
-1.58,-34.290800000000004
7.77,276.0387
-7.89,95.68629999999999
9.13,206.81070000000005
9.43,335.8447
-2.62,-82.02680000000001
-6.23,-57.6713
1.81,64.2383
-7.92,259.1592
19.92,1212.6992000000002
1.41,-137.3457
7.92,176.61919999999998
-12.67,640.2266999999999
-17.51,777.1503000000001
6.87,170.3207
5.16,24.416800000000002
-7.61,195.7563
-5.67,-23.83330000000001
-6.8,-28.650000000000034
2.28,71.48519999999999
9.24,270.4428
-15.45,740.4475
4.79,-78.6077
-8.74,273.3528
-5.31,212.37829999999997
-1.6,-45.36
-13.61,590.3462999999999
28.44,2377.4508
24.25,1854.2475
7.52,88.00119999999998
6.56,117.5808
-10.44,413.67079999999993
23.77,1742.2187
0.18,-93.8328
-1.23,1.6586999999999996
12.04,673.1247999999999
2.61,11.546299999999995
-7.77,408.90869999999995
-2.19,-25.0017
-3.76,-15.9572
0.65,34.9375
5.54,211.08480000000003
5.33,-6.50330000000001
13.01,481.51030000000003
-0.04,184.2848
9.58,251.60920000000002
17.07,996.1847
-12.26,658.9728
7.13,-45.41930000000002
-10.72,354.90520000000004
-15.07,444.67470000000003
15.85,572.8475000000001
11.35,364.2675
5.23,208.73870000000002
-4.77,7.0286999999999935
15.04,828.5948
-13.67,554.0667000000001
0.67,31.076700000000002
4.85,70.5475
12.87,613.0907
-15.26,691.5627999999999
-30.64,2944.1988
1.15,-81.6525
3.17,-54.883300000000006
1.74,-7.297199999999998
-8.77,117.6587
-0.44,-111.1392
-15.4,770.91
4.21,75.3223
8.93,137.2147
-7.32,280.3272
-20.04,1149.2148
-1.3,30.990000000000002
-1.99,-104.99969999999999
-0.81,-44.3817
13.04,617.5547999999999
1.39,133.5463
20.84,1196.0868
3.81,-5.051700000000004
-10.87,309.1507
11.34,326.3268
-0.9,85.5
-4.89,34.64629999999998
2.79,155.97230000000002
1.15,-158.4325
-15.59,777.9143
-8.5,315.69
11.52,317.7412
1.76,-21.0472
6.39,9.32629999999999
10.2,234.87
17.93,863.9547
-6.39,230.6463
-7.03,64.0727
-9.25,430.5475
-6.0,226.13
-9.13,189.58070000000004
-0.15,-17.2525
-1.08,-129.0108
5.81,-72.45170000000002
-11.91,508.15430000000003
-6.54,176.9348
3.59,63.1743
6.99,290.4503
-23.17,1615.8867000000002
-6.02,97.03119999999998
-2.54,23.8148
-20.41,1369.1843000000001
4.49,-69.46969999999997
12.04,417.2047999999999
-19.43,1330.5047000000002
-15.65,750.7775
9.52,220.48119999999997
11.35,565.9375
-12.73,490.34870000000006
-9.88,405.9732
6.59,94.71430000000001
-2.43,96.69470000000001
-5.21,41.162299999999995
15.94,815.3708
2.98,121.96119999999999
-18.19,871.7483000000002
2.53,-46.41730000000001
-14.05,640.4475000000001
7.42,232.29919999999998
9.82,254.0972
4.39,146.49630000000002
9.28,428.76519999999994
19.64,1120.5487999999998
7.27,67.55869999999999
-3.72,82.2252
-10.93,352.1947
2.24,36.582800000000006
-10.35,435.57749999999993
-14.39,592.2063
-4.62,159.6232
-17.78,1046.2452
-13.0,450.22
5.01,-86.97970000000001
-4.75,-105.6225
-3.07,170.0747
-0.26,314.4028
-19.54,1192.8147999999999
1.86,66.8288
-0.04,80.9248
-0.45,-23.752499999999998
3.43,45.0647
-21.65,1341.0674999999999
19.12,1152.6832000000002
-3.03,105.7327
-14.34,687.0968
1.12,-106.2368
-12.71,618.8423
0.66,67.18679999999999
5.41,88.7443
-13.19,535.8082999999999
8.45,97.38749999999999
1.31,-1.2616999999999994
3.49,32.9103
4.04,175.6548
5.12,85.2532
11.2,364.74999999999994
8.6,227.82
4.87,77.2007
-7.64,115.84880000000001
2.86,68.96879999999999
-5.58,19.259199999999993
-14.49,593.4303
-0.41,-156.0257
-9.13,281.5307
11.35,395.2175
-0.38,-99.1768
0.45,-42.802499999999995
7.75,297.2975
-4.18,26.507199999999994
-2.57,-145.49530000000001
11.65,571.7775
-13.84,707.6468
-8.67,217.60669999999996
-1.34,-43.663199999999996
7.85,92.30749999999998
2.5,7.800000000000001
-11.58,394.50919999999996
-9.2,107.11999999999995
16.94,874.4108000000001
3.16,50.5368
-6.18,204.2572
-4.84,72.6668
37.4,3987.8399999999997
13.4,501.13000000000005
-16.36,663.0487999999999
-4.59,71.84429999999999
7.23,116.56870000000004
-2.75,71.9675
11.39,456.7963
17.64,944.9988000000001
0.08,-155.33079999999998
2.95,122.9675
-1.69,-144.6317
8.83,203.1067
15.0,533.72
9.34,245.7568
-10.83,499.0267
7.54,246.5548
-5.79,135.39229999999998
17.48,886.1312
4.76,116.1128
10.58,162.27920000000003
-0.21,-126.6977
-0.32,76.93719999999999
4.31,13.808299999999988
-0.31,129.5083
15.79,616.1723
-11.42,530.7492
6.85,171.30749999999998
-5.87,173.28070000000002
8.61,256.4763
-17.97,1271.0427
12.86,387.27879999999993
-3.09,-47.5757
-12.34,386.4468
7.17,326.6467
-1.92,60.539199999999994
2.77,28.0987
12.28,285.76519999999994
-10.91,446.9243
-7.36,259.1288
0.8,187.73999999999998
5.68,69.3872
-7.04,70.2448
-7.93,200.7847
7.71,150.8723
9.84,174.40679999999998
13.97,698.9127000000001
-2.95,224.4875
-25.82,2079.3772000000004
5.23,58.738700000000016
7.6,101.47
-14.67,679.9267
0.9,-107.44
2.75,90.3475
3.4,12.149999999999991
-4.65,-3.6824999999999903
0.83,37.2467
6.0,105.68
-17.76,907.2528000000002
9.11,318.0963
-3.66,-20.583199999999998
7.65,78.45750000000002
-7.03,-17.8673
-17.12,1162.4632000000001
11.81,311.55830000000003
16.41,850.9042999999999
-18.61,1160.2762999999998
-12.92,318.4792
0.94,-45.229200000000006
-10.49,446.60030000000006
7.6,145.78
-7.97,307.84270000000004
-5.18,67.9772
2.11,43.7363
-21.78,1568.6552000000001
-3.2,-92.63999999999999
20.15,1037.7674999999997
5.87,208.0807
-9.99,509.99030000000005
10.46,309.2148000000001
20.63,1291.9106999999997
12.75,429.8275
-5.85,182.4375
-6.58,197.0092
-3.7,101.33000000000001
-10.49,210.91030000000006
0.29,-44.6577
-10.06,330.8208
-8.75,369.7875
3.21,-62.90769999999999
-5.64,-96.74119999999999
-2.04,85.09479999999999
21.48,1455.5812
3.68,14.827200000000001
11.9,318.98
4.38,-225.9368
6.03,104.2527
-13.49,578.5903
-5.47,22.39269999999999
-2.62,0.34320000000000306
-4.47,-55.86730000000001
-2.03,-27.337300000000006
1.6,-24.71
-2.23,-77.0913
6.9,95.29000000000002
-2.48,-66.6088
10.84,441.9468
-0.13,50.1707
-5.95,5.417500000000004
-12.51,335.26030000000003
-7.69,266.1983
-2.54,93.23479999999999
12.02,397.96119999999996
-12.72,366.47520000000003
10.4,178.83
-0.92,-65.4308
-8.31,198.41830000000004
-13.19,477.5482999999999
5.49,155.87030000000001
-19.06,1039.7908
-4.62,29.253199999999993
-4.4,278.38
-1.63,-47.5193
5.81,131.70829999999998
-6.15,33.92750000000001
1.2,108.08000000000001
-12.18,354.69719999999995
0.58,2.6292
6.08,116.42920000000001
-3.52,174.1712
3.69,-66.69170000000001
1.05,-12.942499999999999
-3.44,-104.85920000000002
-0.61,131.2163
-1.95,122.1475
-19.74,1246.3927999999999
-14.99,559.6303
4.33,182.5867
-20.88,1345.2131999999997
11.58,562.5891999999999
-14.1,619.11
0.31,111.3083
4.72,42.015199999999986
-6.37,159.6207
11.63,388.98070000000007
-13.71,492.6423000000001
9.07,319.58470000000005
1.49,90.06030000000001
-1.51,-290.6397
10.12,68.22319999999993
5.39,267.9163
-12.04,586.7847999999999
14.12,617.8932
10.04,303.7647999999999
1.04,129.0548
1.5,0.8899999999999997
13.36,700.9288
16.58,929.3992
6.13,190.88070000000002
-11.63,353.73070000000007
1.2,83.27000000000001
8.2,87.81999999999996
-8.34,281.1168
-12.06,432.8308
0.06,-118.1792
1.12,-112.1268
3.78,58.1952
12.3,418.25000000000006
-21.82,1479.5572000000002
1.0,31.58
-2.06,-81.8792
0.16,-14.3132
1.67,74.99669999999999
10.26,340.8528
5.59,86.6443
-0.46,105.20479999999999
0.89,121.3463
1.05,86.3075
-1.33,-108.02329999999999
13.22,499.6052
-19.12,1137.2832
-14.01,413.66030000000006
15.98,815.0212000000001
5.74,69.95280000000001
6.31,284.33829999999995
11.58,463.8091999999999
-20.18,1234.8472000000002
14.39,665.8163000000001
-11.66,345.6068
-9.83,368.1467
10.36,508.67879999999997
-11.56,602.1108
5.31,99.29829999999998
14.27,567.2787
-6.5,268.69
-5.89,105.12629999999999
6.72,147.26519999999996
8.96,168.01480000000004
3.42,159.3192
-15.81,533.4983000000001
16.1,576.5300000000001
6.22,51.94519999999997
-23.57,1653.5647000000001
-9.0,150.67000000000002
-10.6,255.77999999999997
-7.78,225.4352
2.56,191.6308
-7.15,-1.1825000000000045
12.25,510.3275
11.09,406.0843
0.74,137.4428
-10.53,235.93269999999995
-0.01,-105.9997
4.07,-19.15529999999999
11.62,322.3431999999999
-4.64,35.43879999999999
0.8,71.16
-9.97,249.35270000000006
-4.61,18.696300000000008
11.68,530.9771999999999
15.96,636.8748
-3.45,8.687500000000004
-2.64,-56.6412
-7.61,0.6663000000000068
-15.3,683.8100000000001
3.73,-9.311299999999996
4.73,44.888700000000014
6.04,110.2448
0.26,-143.84720000000002
5.29,53.02230000000001
1.65,-59.5525
12.44,386.7207999999999
3.75,68.2575
14.51,509.8903
10.72,292.13520000000005
3.59,-34.005700000000004
-12.42,467.53919999999994
5.17,285.06669999999997
3.21,-0.027699999999999392
19.19,1153.0283000000002
7.42,167.51919999999998
-11.31,260.5683
-7.93,81.6647
9.64,372.57880000000006
-1.93,-9.2053
-12.03,355.57269999999994
4.91,88.61429999999999
4.94,-29.519199999999998
-1.19,37.9183
8.62,190.63319999999996
-1.04,11.654800000000002
18.65,874.5174999999997
-10.98,382.85120000000006
9.08,396.9092
9.91,411.8043
12.67,492.02669999999995
-1.25,-46.9425
-4.13,16.1907
17.41,805.1543
5.47,107.81269999999999
-5.85,-18.402500000000003
8.32,89.91720000000004
15.87,742.1706999999999
6.66,186.0568
-7.26,224.9628
9.79,283.98229999999995
-15.38,761.3932000000001
7.77,279.02869999999996
9.78,224.57519999999994
-2.22,-24.424799999999998
2.77,-70.8013
1.5,-38.53
-5.36,195.58880000000002
-8.58,94.69919999999999
-2.79,226.8823
-6.22,-23.56480000000002
15.14,716.7688
-13.55,663.0375000000001
17.99,1098.2003
-2.35,16.427500000000002
-7.71,351.9923
-5.44,86.01080000000002
-10.41,475.8143
-20.32,1302.9372
8.16,275.4068
-1.54,-14.4452
-8.38,250.55320000000006
-13.06,583.4208000000001
-5.63,96.8607
-12.51,298.56030000000004
12.99,481.30030000000005
-18.96,1061.0348
-9.58,207.91920000000002
-8.83,496.3067
4.75,35.0775
2.54,-138.78519999999997
-1.45,14.4475
-1.72,-103.4048
3.98,45.4012
-7.95,228.47750000000002
4.84,-94.83320000000002
-13.23,362.7487
5.4,119.36000000000001
-5.07,200.8847
11.28,367.99519999999995
-12.23,348.3487
-4.54,105.07480000000001
-8.21,113.28230000000002
9.4,193.98000000000005
-14.11,763.5063
8.84,236.4468
4.63,80.05069999999999
5.66,141.7468
-6.88,176.79319999999998
4.75,8.427500000000002
17.51,983.7703000000001
-6.91,82.58430000000001
2.53,84.3827
-2.63,-94.08930000000001
-11.0,393.04
-8.25,136.9475
5.25,251.8275
-0.45,-188.23250000000002
-24.53,1773.8127000000002
5.32,76.8672
-3.18,140.4972
9.18,307.32719999999995
-6.44,178.82080000000002
23.07,1388.5447
-9.49,375.9103
7.66,289.3768
-10.75,463.8675
1.95,68.1175
-11.48,329.29120000000006
12.55,424.36750000000006
-0.21,-92.4177
14.95,691.6975
-0.97,108.1227
-16.24,818.2827999999998
-8.43,199.22469999999998
-3.92,113.94919999999999
13.81,770.0783000000001
27.29,2178.1923
-1.14,29.068800000000003
3.18,34.9872
12.5,241.3
-11.41,545.1043
-3.16,160.10680000000002
6.7,180.8
3.53,63.152699999999996
-0.84,37.556799999999996
-9.77,292.2586999999999
1.04,-4.6452
7.13,53.35069999999999
-7.18,183.1172
0.74,-42.477199999999996
20.9,1321.9199999999998
4.77,208.2187
5.93,34.73469999999999
-10.36,311.80879999999996
-5.51,-67.28970000000001
-3.17,73.1467
-8.39,232.59630000000004
-12.09,403.00430000000006
-15.66,664.4368000000001
-2.08,150.4392
8.33,214.69670000000002
6.17,-20.2633
6.76,151.7428
9.12,230.58319999999998
-8.59,278.8343
-6.83,137.9967
-2.36,50.508799999999994
-8.91,174.3743
2.5,82.78
-6.63,217.2107
11.14,596.6488
-8.78,45.555199999999985
5.63,37.1507
16.79,862.1122999999999
-12.15,355.7375
-5.51,125.91029999999999
-7.68,174.52720000000002
-10.6,210.26999999999998
2.61,25.156299999999995
5.0,-109.46000000000001
-7.33,144.0367
-5.12,-9.846799999999988
2.42,74.8592
3.14,-128.4512
-11.11,554.9063
23.02,1630.9612
-2.33,-2.3632999999999953
0.88,58.2732
-6.28,268.0952
-2.59,29.284299999999998
-9.04,249.27479999999997
16.28,790.8152000000001
-18.47,997.8626999999999
-1.85,-80.3525
6.61,97.3263
-15.97,781.6827000000001
4.61,67.1063
13.17,522.1667000000001
2.96,-56.2952
0.0,-85.95
-0.34,92.4768
-2.81,-26.171699999999998
5.8,-139.10000000000002
-8.64,251.1288
3.27,-48.5213
-3.39,158.7363
-5.82,118.04720000000003
-11.56,477.37080000000003
6.75,124.1075
-5.91,-67.20570000000001
10.78,171.92519999999996
-0.28,-57.7948
-0.03,113.95270000000001
-10.98,423.28120000000007
-10.0,217.62
5.47,-106.1873
-0.96,77.47479999999999
0.59,48.0743
6.51,45.63029999999999
5.22,153.1452
-3.56,240.51080000000002
28.94,2393.7208000000005
31.35,3005.2775
4.4,70.39000000000001
-14.39,670.9463000000001
-8.94,23.730799999999988
5.82,265.41720000000004
-5.77,-43.32130000000001
-0.82,62.9272
-19.97,1192.7827
4.36,56.9988
12.08,625.8292
-12.14,277.45880000000005
-3.44,31.830799999999996
-3.59,-13.035700000000006
-24.85,1724.4175
-4.76,-23.187200000000004
-5.69,-7.231700000000004
-13.94,549.4708
-8.75,88.7575
2.47,-21.387299999999996
3.41,-114.73570000000001
3.25,-46.0325
-5.76,161.0928
-8.25,231.8075
1.45,-59.652499999999996
-3.93,35.744699999999995
10.36,217.91879999999998
11.64,492.5688000000001
-4.73,79.45870000000002
-16.33,792.5066999999999
1.83,134.2067
-6.69,150.2483
8.22,221.88520000000005
7.0,206.57
-10.51,228.66029999999998
10.48,420.95120000000003
13.92,712.2892
3.86,-6.241199999999999
6.1,101.88999999999999
-5.21,45.6423
-8.59,212.82430000000002
12.55,536.8475000000001
2.41,-28.8457
-0.92,-136.3508
-0.69,-9.191699999999999
7.53,70.98270000000002
-2.16,99.9068
-4.98,54.621200000000016
-3.05,-72.77250000000001
-1.62,62.2332
-4.86,-111.3812
0.88,-103.0268
-4.92,9.459199999999996
-4.55,-10.44250000000001
19.87,1253.9407
0.07,-55.545300000000005
17.08,859.0591999999998
-10.05,344.5375
7.55,205.8875
0.11,-187.9037
16.91,846.8643
-4.65,175.09750000000003
17.92,1058.8092000000001
-5.89,74.65629999999999
0.08,39.179199999999994
-11.56,534.1808
-0.35,-44.9125
-2.07,4.0246999999999975
-11.09,216.99429999999998
-18.46,1073.2448000000002
8.96,375.87480000000005
4.95,70.8875
-6.96,3.914800000000014
-1.07,-44.4553
-7.25,9.907499999999999
-1.38,48.1332
2.5,53.7
3.53,-3.7672999999999988
-5.01,222.7903
-2.1,73.15
5.16,-72.66319999999999
-6.59,-58.375699999999995
-5.56,154.1008
0.82,70.5172
4.95,-58.852500000000006
-4.24,-24.3572
7.97,-14.037299999999988
-0.7,190.35
-6.73,0.30870000000001596
0.94,-2.4392
-14.57,563.0447000000001
-18.36,991.5787999999998
3.39,61.66630000000001
-17.76,779.4228000000002
-8.02,-125.09880000000004
9.99,352.1603
3.32,-108.04280000000001
-8.5,168.48
-0.15,65.6275
-14.34,291.8468
-11.39,449.2663
-1.68,2.777199999999998
5.87,244.71070000000003
-0.34,-7.033200000000001
-0.84,-15.713199999999999
-6.5,160.05
0.75,178.2875
7.96,251.1648
11.04,399.4247999999999
3.43,59.60470000000001
1.22,-136.63479999999998
3.55,-69.9125
5.25,212.9775
-4.82,84.75720000000001
-3.69,-95.01170000000002
-6.63,117.19069999999999
-6.29,40.39230000000002
18.83,1034.3766999999998
7.85,291.9375
-6.85,63.25749999999998
0.42,-44.7108
3.07,29.844699999999996
-0.9,-11.86
-9.64,179.63880000000003
14.47,642.3927000000001
-11.88,462.5232000000001
8.68,195.4572
0.54,255.8748
-8.13,45.68070000000006
-1.62,-41.3368
-18.5,984.44
2.75,235.5375
7.28,80.21520000000001
-5.3,51.73
2.98,200.3812
-24.99,1813.7803
-5.31,68.43829999999997
-13.37,309.9106999999999
9.25,435.6975
1.94,-59.129200000000004
-0.47,-14.697299999999998
-1.89,55.5663
-2.43,-105.1053
7.85,208.33749999999998
-10.42,397.62919999999997
9.32,78.13720000000006
7.0,238.41
10.31,322.4683
-3.48,-75.0188
10.81,378.8883
10.01,310.15029999999996
4.5,-6.409999999999997
11.23,435.6587
-4.41,-12.555700000000002
-0.73,63.0087
13.48,631.4712000000001
20.17,1273.1667000000004
-16.47,794.2126999999997
9.37,261.7206999999999
-12.58,423.34920000000005
2.1,34.71
-5.88,71.51319999999998
2.06,-7.879200000000001
-2.98,34.1312
3.94,54.7708
6.5,204.72
-3.48,-42.79879999999999
6.69,-134.62169999999998
-2.88,54.5132
6.85,73.72749999999998
11.77,347.84869999999995
1.65,-11.8925
2.33,-17.0233
-18.03,1072.0027000000002
-7.72,202.2552
-6.23,69.7287
-1.51,-61.279700000000005
-14.0,510.13
-13.01,535.2003
